state_postal_abbr,data_year,officer_count,officer_rate_per_1000,civilian_count,civilian_rate_per_1000,population
WY,1971,60,0.17,21,0.06,348812
WV,1971,107,0.06,15,0.01,1758559
WI,1971,3967,0.89,434,0.10,4480975
WA,1971,542,0.16,98,0.03,3470293
VT,1971,55,0.12,16,0.03,458000
VA,1971,704,0.15,137,0.03,4738076
UT,1971,135,0.12,20,0.02,1155162
TX,1971,6051,0.52,1360,0.12,11726323
TN,1971,2142,0.53,405,0.10,4029618
SD,1971,120,0.18,19,0.03,680820
SC,1971,731,0.27,117,0.04,2683742
RI,1971,1136,1.18,124,0.13,960000
PR,1971,,,,,2689932
PA,1971,13745,1.14,1572,0.13,12046710
OR,1971,1038,0.48,245,0.11,2163825
OK,1971,885,0.33,122,0.05,2668490
OH,1971,5217,0.48,531,0.05,10865398
NY,1971,34007,1.75,2698,0.14,19427177
NV,1971,365,0.71,93,0.18,510933
NM,1971,114,0.11,32,0.03,1085624
NJ,1971,4600,0.63,552,0.08,7334832
NH,1971,97,0.13,10,0.01,762000
NE,1971,617,0.41,138,0.09,1512000
ND,1971,97,0.16,10,0.02,625000
NC,1971,556,0.11,37,0.01,5156978
MT,1971,36,0.05,15,0.02,714117
MS,1971,230,0.10,28,0.01,2228996
MO,1971,3708,0.77,1025,0.21,4828227
MN,1971,893,0.23,147,0.04,3887124
MI,1971,6801,0.76,803,0.09,8997000
ME,1971,50,0.05,2,0.00,1025347
MD,1971,634,0.15,77,0.02,4104849
MA,1971,3493,0.60,418,0.07,5779426
LA,1971,2379,0.61,503,0.13,3927464
KY,1971,1309,0.40,258,0.08,3282000
KS,1971,481,0.21,63,0.03,2275350
IN,1971,3023,0.57,485,0.09,5291410
IL,1971,1590,0.14,308,0.03,11216864
ID,1971,191,0.26,9,0.01,736293
IA,1971,889,0.31,229,0.08,2864773
HI,1971,1472,1.86,307,0.39,791801
GU,1971,,,,,86926
GA,1971,1306,0.27,129,0.03,4752514
FL,1971,6245,0.89,2048,0.29,7052218
DE,1971,269,0.48,41,0.07,558000
DC,1971,,,,,741000
CZ,1971,,,,,44650
CT,1971,2345,0.73,264,0.08,3206529
CO,1971,685,0.30,114,0.05,2305187
CA,1971,16930,0.83,5013,0.25,20461218
AZ,1971,1519,0.82,391,0.21,1862947
AR,1971,504,0.25,70,0.04,1982508
AL,1971,1062,0.30,208,0.06,3581147
AK,1971,230,0.73,83,0.27,313000
WY,1972,546,1.54,152,0.43,354027
WV,1972,2039,1.14,456,0.26,1781000
WI,1972,8256,1.82,1184,0.26,4525092
WA,1972,5391,1.55,1572,0.45,3467832
VT,1972,585,1.27,196,0.42,462000
VA,1972,6647,1.39,1324,0.28,4788230
UT,1972,1573,1.33,330,0.28,1183443
TX,1972,16843,1.41,4580,0.38,11905714
TN,1972,5457,1.34,1042,0.26,4071106
SD,1972,728,1.06,142,0.21,689693
SC,1972,2947,1.09,444,0.16,2692286
RI,1972,1924,1.99,188,0.19,968000
PR,1972,,,,,2689932
PA,1972,20964,1.73,2573,0.21,12095390
OR,1972,3785,1.73,856,0.39,2187990
OK,1972,3666,1.36,528,0.20,2691025
OH,1972,15619,1.44,2660,0.24,10873446
NY,1972,52622,2.71,4213,0.22,19440508
NV,1972,1515,2.85,443,0.83,531209
NM,1972,1643,1.46,576,0.51,1124058
NJ,1972,18187,2.46,2703,0.37,7402192
NH,1972,1083,1.40,152,0.20,771000
NE,1972,2097,1.36,508,0.33,1537165
ND,1972,687,1.09,101,0.16,632000
NC,1972,6938,1.32,817,0.16,5254971
MT,1972,1035,1.42,271,0.37,727234
MS,1972,2644,1.17,643,0.28,2266070
MO,1972,7765,1.61,2272,0.47,4831453
MN,1972,5044,1.29,701,0.18,3901524
MI,1972,15494,1.69,2381,0.26,9156677
ME,1972,1421,1.35,153,0.15,1052228
MD,1972,7210,1.73,1295,0.31,4163928
MA,1972,12568,2.16,1392,0.24,5808423
LA,1972,6319,1.59,1093,0.28,3967309
KY,1972,3901,1.18,916,0.28,3304149
KS,1972,3275,1.44,790,0.35,2278171
IN,1972,7197,1.36,1341,0.25,5305985
IL,1972,23884,2.11,3810,0.34,11325367
ID,1972,1170,1.52,114,0.15,768888
IA,1972,3032,1.05,599,0.21,2895776
HI,1972,1947,2.32,384,0.46,840737
GA,1972,6602,1.37,1158,0.24,4818946
FL,1972,13453,1.85,4784,0.66,7270420
DE,1972,1019,1.80,223,0.39,565000
DC,1972,5438,7.27,690,0.92,748000
CZ,1972,,,,,44650
CT,1972,5903,1.84,757,0.24,3206654
CO,1972,4111,1.73,942,0.40,2379398
CA,1972,43500,2.10,12906,0.62,20732725
AZ,1972,4078,2.08,1168,0.60,1959532
AR,1972,2071,1.03,340,0.17,2017765
AL,1972,3931,1.09,689,0.19,3613207
AK,1972,463,1.42,165,0.51,325000
WY,1973,456,1.26,140,0.39,362245
WV,1973,1693,0.94,360,0.20,1794000
WI,1973,7941,1.73,973,0.21,4589692
WA,1973,4793,1.39,1129,0.33,3447438
VT,1973,394,0.85,65,0.14,464000
VA,1973,5986,1.24,1053,0.22,4840519
UT,1973,1324,1.10,396,0.33,1206673
TX,1973,16068,1.33,3514,0.29,12060860
TN,1973,5243,1.26,956,0.23,4166544
SD,1973,614,0.88,92,0.13,695748
SC,1973,3239,1.18,436,0.16,2754060
RI,1973,1697,1.74,193,0.20,973000
PR,1973,,,,,2689932
PA,1973,18163,1.50,2061,0.17,12125225
OR,1973,3113,1.40,861,0.39,2231245
OK,1973,3599,1.34,497,0.19,2684958
OH,1973,15071,1.39,2264,0.21,10820724
NY,1973,49170,2.54,6347,0.33,19373070
NV,1973,1806,3.30,521,0.95,548000
NM,1973,1544,1.38,440,0.39,1116246
NJ,1973,17941,2.43,2399,0.33,7377289
NH,1973,960,1.21,129,0.16,791000
NE,1973,2006,1.29,489,0.31,1560631
ND,1973,640,1.00,50,0.08,640000
NC,1973,6919,1.31,718,0.14,5273000
MT,1973,891,1.22,228,0.31,729029
MS,1973,2340,1.02,409,0.18,2285525
MO,1973,7602,1.57,1611,0.33,4836629
MN,1973,4777,1.22,683,0.18,3902593
MI,1973,15264,1.67,2106,0.23,9131662
ME,1973,1172,1.12,127,0.12,1050945
MD,1973,7618,1.82,1380,0.33,4179627
MA,1973,11780,2.02,976,0.17,5839586
LA,1973,6705,1.67,863,0.22,4012149
KY,1973,3504,1.05,695,0.21,3347082
KS,1973,3136,1.37,736,0.32,2296660
IN,1973,7053,1.32,1106,0.21,5328601
IL,1973,24251,2.15,3522,0.31,11295022
ID,1973,1141,1.45,152,0.19,787509
IA,1973,2804,0.96,627,0.21,2916959
HI,1973,1884,2.18,394,0.45,865974
GA,1973,6732,1.38,873,0.18,4886696
FL,1973,15059,1.96,4096,0.53,7696604
DE,1973,764,1.33,147,0.26,576000
DC,1973,4937,6.62,665,0.89,746000
CZ,1973,,,,,44650
CT,1973,5211,1.63,515,0.16,3203546
CO,1973,4021,1.63,848,0.34,2467587
CA,1973,39669,1.90,12149,0.58,20842166
AZ,1973,3645,1.76,984,0.47,2075141
AR,1973,1913,0.93,355,0.17,2057887
AL,1973,4316,1.19,775,0.21,3634737
AK,1973,302,0.92,101,0.31,330000
WY,1974,503,1.35,144,0.39,372219
WV,1974,1772,0.99,349,0.19,1791000
WI,1974,8348,1.82,1066,0.23,4586633
WA,1974,4904,1.40,1146,0.33,3494385
VT,1974,441,0.94,82,0.17,470000
VA,1974,6642,1.34,1235,0.25,4941832
UT,1974,1395,1.14,441,0.36,1222877
TX,1974,17617,1.43,4172,0.34,12326802
TN,1974,5689,1.36,1119,0.27,4169520
SD,1974,676,0.98,138,0.20,692712
SC,1974,3488,1.24,550,0.20,2805518
RI,1974,1753,1.87,201,0.21,937000
PR,1974,,,,,2689932
PA,1974,18645,1.56,2136,0.18,11929144
OR,1974,3336,1.47,797,0.35,2269335
OK,1974,3855,1.42,642,0.24,2716975
OH,1974,15365,1.42,2493,0.23,10835151
NY,1974,53064,2.76,7075,0.37,19226162
NV,1974,1896,3.31,538,0.94,573000
NM,1974,1801,1.60,566,0.50,1122858
NJ,1974,19011,2.59,2662,0.36,7347992
NH,1974,1045,1.29,157,0.19,808000
NE,1974,2080,1.33,552,0.35,1559644
ND,1974,670,1.05,70,0.11,637000
NC,1974,7470,1.39,975,0.18,5363000
MT,1974,937,1.25,261,0.35,747997
MS,1974,2461,1.06,421,0.18,2328714
MO,1974,8339,1.71,1872,0.38,4864052
MN,1974,5026,1.28,804,0.20,3922805
MI,1974,16366,1.77,2641,0.29,9225973
ME,1974,1301,1.24,155,0.15,1047000
MD,1974,10837,2.58,2048,0.49,4204818
MA,1974,12065,2.07,1227,0.21,5821531
LA,1974,7153,1.79,1056,0.26,3997696
KY,1974,4137,1.23,839,0.25,3362172
KS,1974,3215,1.41,815,0.36,2287937
IN,1974,7131,1.33,1198,0.22,5342706
IL,1974,24707,2.21,3730,0.33,11193676
ID,1974,1219,1.50,193,0.24,811671
IA,1974,2963,1.03,780,0.27,2867843
HI,1974,1849,2.10,448,0.51,881824
GU,1974,,,,,86926
GA,1974,8203,1.64,1272,0.26,4987157
FL,1974,16203,2.00,4796,0.59,8111852
DE,1974,776,1.35,172,0.30,573889
DC,1974,4597,6.36,961,1.33,723000
CZ,1974,,,,,44650
CT,1974,5349,1.67,585,0.18,3201357
CO,1974,4748,1.88,1022,0.40,2526738
CA,1974,40599,1.92,13152,0.62,21158834
AZ,1974,3960,1.83,1161,0.54,2167891
AR,1974,2040,0.99,409,0.20,2065221
AL,1974,4802,1.32,905,0.25,3643905
AK,1974,341,1.01,118,0.35,337000
WY,1975,568,1.46,186,0.48,388391
WV,1975,1939,1.08,493,0.27,1803000
WI,1975,8627,1.86,1238,0.27,4629355
WA,1975,4934,1.39,1252,0.35,3561686
VT,1975,424,0.90,97,0.21,471000
VA,1975,7246,1.46,1499,0.30,4971753
UT,1975,1470,1.17,472,0.38,1258159
TX,1975,18782,1.50,4463,0.36,12513522
TN,1975,6017,1.43,1206,0.29,4216269
SD,1975,704,1.02,179,0.26,693537
SC,1975,3956,1.39,731,0.26,2846250
RI,1975,1863,2.00,298,0.32,932931
PR,1975,,,,,3045000
PA,1975,19590,1.65,2339,0.20,11883765
OR,1975,3629,1.58,925,0.40,2293167
OK,1975,4055,1.48,785,0.29,2735427
OH,1975,15704,1.45,2927,0.27,10857704
NY,1975,52541,2.72,7394,0.38,19287811
NV,1975,1937,3.27,578,0.98,592000
NM,1975,1927,1.68,597,0.52,1147856
NJ,1975,19257,2.63,2949,0.40,7331025
NH,1975,1096,1.34,176,0.22,818000
NE,1975,2104,1.35,603,0.39,1563935
ND,1975,820,1.29,86,0.13,637960
NC,1975,8055,1.48,1333,0.24,5451000
MT,1975,1002,1.32,334,0.44,761305
MS,1975,2578,1.10,488,0.21,2349272
MO,1975,8568,1.76,2144,0.44,4858029
MN,1975,5237,1.33,978,0.25,3932033
MI,1975,17006,1.83,2822,0.30,9289926
ME,1975,1385,1.31,198,0.19,1059000
MD,1975,11260,2.73,2191,0.53,4131406
MA,1975,12348,2.11,1280,0.22,5849444
LA,1975,7684,1.93,956,0.24,3983885
KY,1975,4220,1.24,944,0.28,3401092
KS,1975,3436,1.51,943,0.42,2268214
IN,1975,7328,1.38,1496,0.28,5323810
IL,1975,25236,2.25,4426,0.40,11196047
ID,1975,1538,1.84,239,0.29,837108
IA,1975,3138,1.09,784,0.27,2872381
HI,1975,1990,2.22,406,0.45,896842
GA,1975,8446,1.68,1548,0.31,5016136
FL,1975,17540,2.10,5862,0.70,8369590
DE,1975,823,1.42,183,0.32,580744
DC,1975,4583,6.40,808,1.13,716000
CZ,1975,,,,,44650
CT,1975,5338,1.66,651,0.20,3207079
CO,1975,5475,2.14,1404,0.55,2558434
CA,1975,41750,1.95,14326,0.67,21459670
AZ,1975,4387,1.96,1374,0.61,2237597
AR,1975,2367,1.12,475,0.22,2119736
AL,1975,5151,1.40,1046,0.29,3667918
AK,1975,357,1.01,127,0.36,352000
WY,1976,600,1.50,202,0.50,401074
WV,1976,1952,1.07,490,0.27,1821000
WI,1976,8630,1.86,1223,0.26,4631355
WA,1976,4976,1.37,1299,0.36,3629686
VT,1976,425,0.89,101,0.21,476000
VA,1976,7785,1.54,1598,0.32,5048074
UT,1976,1534,1.20,472,0.37,1280159
TX,1976,19493,1.55,4969,0.39,12596066
TN,1976,6214,1.47,1242,0.29,4226212
SD,1976,743,1.07,193,0.28,693672
SC,1976,4080,1.42,735,0.26,2873871
RI,1976,1827,1.95,335,0.36,939208
PR,1976,,,,,3045000
PA,1976,19664,1.64,2351,0.20,11967286
OR,1976,3705,1.59,798,0.34,2335197
OK,1976,4218,1.51,786,0.28,2785453
OH,1976,15686,1.46,3010,0.28,10717772
NY,1976,46411,2.41,6175,0.32,19252864
NV,1976,1948,3.19,600,0.98,610000
NM,1976,1924,1.65,702,0.60,1168856
NJ,1976,20270,2.76,3523,0.48,7351025
NH,1976,1118,1.36,212,0.26,822000
NE,1976,2095,1.33,671,0.43,1570935
ND,1976,815,1.26,126,0.20,645850
NC,1976,8340,1.52,1414,0.26,5469000
MT,1976,1017,1.33,380,0.50,764617
MS,1976,2552,1.08,548,0.23,2357272
MO,1976,8418,1.73,2107,0.43,4873059
MN,1976,5809,1.46,1155,0.29,3971033
MI,1976,16675,1.81,3003,0.33,9224312
ME,1976,1407,1.31,218,0.20,1072206
MD,1976,11556,2.75,2309,0.55,4200556
MA,1976,12275,2.11,1367,0.23,5830444
LA,1976,8262,2.14,1185,0.31,3853348
KY,1976,4246,1.24,1071,0.31,3434464
KS,1976,3543,1.53,952,0.41,2311214
IN,1976,7435,1.40,1634,0.31,5314810
IL,1976,25382,2.25,4695,0.42,11274849
ID,1976,1603,1.88,224,0.26,851500
IA,1976,3207,1.11,865,0.30,2876611
HI,1976,1995,2.17,415,0.45,918842
GU,1976,,,,,86926
GA,1976,8646,1.71,1571,0.31,5054136
FL,1976,18195,2.15,5934,0.70,8453003
DE,1976,827,1.42,164,0.28,582510
DC,1976,4340,6.18,606,0.86,702000
CZ,1976,,,,,44650
CT,1976,5255,1.63,650,0.20,3223397
CO,1976,5655,2.17,1515,0.58,2602973
CA,1976,41518,1.91,14366,0.66,21717727
AZ,1976,4439,1.94,1520,0.67,2283597
AR,1976,2480,1.17,484,0.23,2112736
AL,1976,5698,1.55,1197,0.33,3665000
AK,1976,356,0.93,125,0.33,382000
WY,1977,707,1.72,247,0.60,410986
WV,1977,2032,1.09,468,0.25,1859450
WI,1977,9074,1.94,1496,0.32,4675707
WA,1977,5050,1.37,1371,0.37,3675686
VT,1977,454,0.94,102,0.21,483000
VA,1977,7919,1.54,1719,0.33,5150259
UT,1977,1604,1.21,521,0.39,1323309
TX,1977,20554,1.59,5683,0.44,12950922
TN,1977,6304,1.46,1321,0.31,4310985
SD,1977,780,1.12,217,0.31,696672
SC,1977,4209,1.44,863,0.29,2930342
RI,1977,1875,1.99,365,0.39,941567
PR,1977,,,,,3045000
PA,1977,20039,1.67,2723,0.23,11964148
OR,1977,3536,1.48,1328,0.56,2385274
OK,1977,4409,1.55,992,0.35,2836451
OH,1977,17499,1.63,3161,0.29,10717260
NY,1977,46095,2.41,7400,0.39,19121002
NV,1977,1999,3.16,646,1.02,633000
NM,1977,2009,1.69,766,0.64,1190856
NJ,1977,21072,2.87,3986,0.54,7350430
NH,1977,1264,1.49,220,0.26,849000
NE,1977,2498,1.58,804,0.51,1578935
ND,1977,856,1.30,138,0.21,656128
NC,1977,8899,1.61,1606,0.29,5529116
MT,1977,1319,1.69,490,0.63,778349
MS,1977,2709,1.13,540,0.23,2392272
MO,1977,9558,1.96,3137,0.64,4879079
MN,1977,5926,1.49,1247,0.31,3987237
MI,1977,17994,1.94,3184,0.34,9266082
ME,1977,1505,1.38,283,0.26,1092006
MD,1977,9570,2.28,1926,0.46,4195930
MA,1977,12510,2.16,1352,0.23,5789000
LA,1977,8607,2.19,1120,0.28,3933348
KY,1977,4121,1.19,902,0.26,3466432
KS,1977,3678,1.58,1033,0.44,2327396
IN,1977,7555,1.41,1859,0.35,5342789
IL,1977,26145,2.32,4711,0.42,11286565
ID,1977,1482,1.69,315,0.36,877500
IA,1977,3279,1.14,960,0.33,2885611
HI,1977,1969,2.12,422,0.46,926842
GU,1977,,,,,86926
GA,1977,9334,1.84,1863,0.37,5083587
FL,1977,17665,2.08,6921,0.81,8502707
DE,1977,831,1.43,187,0.32,582510
DC,1977,4166,6.04,585,0.85,690000
CZ,1977,,,,,44650
CT,1977,5301,1.67,749,0.24,3174795
CO,1977,5783,2.19,1554,0.59,2636753
CA,1977,48244,2.19,17318,0.79,22011627
AZ,1977,4526,1.96,1888,0.82,2303705
AR,1977,2747,1.28,597,0.28,2144777
AL,1977,5888,1.60,1492,0.40,3691158
AK,1977,410,0.92,134,0.30,446004
WY,1978,815,1.91,289,0.68,427724
WV,1978,2266,1.22,610,0.33,1860000
WI,1978,9271,1.97,1628,0.35,4703707
WA,1978,5059,1.33,1539,0.41,3791713
VT,1978,439,0.90,119,0.24,490020
VA,1978,8062,1.56,1763,0.34,5166623
UT,1978,1803,1.37,638,0.48,1320295
TX,1978,21481,1.64,6276,0.48,13100722
TN,1978,6909,1.58,1801,0.41,4370721
SD,1978,776,1.11,209,0.30,698461
SC,1978,4257,1.43,947,0.32,2969059
RI,1978,1912,2.04,350,0.37,938700
PR,1978,,,,,3045000
PA,1978,20196,1.70,2798,0.23,11910710
OR,1978,3514,1.43,1222,0.50,2449948
OK,1978,4551,1.57,1057,0.36,2901509
OH,1978,14994,1.39,3126,0.29,10765260
NY,1978,45661,2.41,7723,0.41,18961984
NV,1978,1904,2.88,868,1.32,660000
NM,1978,1941,1.60,801,0.66,1212856
NJ,1978,21418,2.91,4196,0.57,7349900
NH,1978,1316,1.32,269,0.27,995341
NE,1978,2536,1.60,840,0.53,1582935
ND,1978,861,1.31,168,0.26,655128
NC,1978,8905,1.60,1709,0.31,5581116
MT,1978,1311,1.64,521,0.65,799191
MS,1978,2905,1.21,566,0.24,2407272
MO,1978,9557,1.94,3274,0.66,4938947
MN,1978,6044,1.50,1316,0.33,4020237
MI,1978,18179,1.94,3649,0.39,9350292
ME,1978,1534,1.40,280,0.25,1099307
MD,1978,9241,2.19,1830,0.43,4225718
MA,1978,12475,2.16,1892,0.33,5785320
LA,1978,8784,2.21,1019,0.26,3978191
KY,1978,4155,1.18,1041,0.30,3506432
KS,1978,3804,1.62,1023,0.44,2349415
IN,1978,7513,1.39,1848,0.34,5386789
IL,1978,26110,2.31,4693,0.42,11281489
ID,1978,1781,1.98,283,0.32,898164
IA,1978,3381,1.16,1018,0.35,2902611
HI,1978,1957,2.11,447,0.48,928842
GU,1978,,,,,86926
GA,1978,9701,1.90,2032,0.40,5111299
FL,1978,18350,2.12,7878,0.91,8658320
DE,1978,852,1.46,193,0.33,583354
DC,1978,4078,6.05,573,0.85,674000
CZ,1978,,,,,44650
CT,1978,5414,1.71,782,0.25,3165795
CO,1978,5998,2.23,1674,0.62,2688170
CA,1978,47975,2.14,16672,0.74,22385457
AZ,1978,4655,1.97,2072,0.88,2361705
AR,1978,2857,1.31,653,0.30,2186000
AL,1978,5984,1.60,1637,0.44,3743158
AK,1978,523,1.18,192,0.43,442004
WY,1979,904,2.01,325,0.72,450000
WV,1979,2269,1.21,608,0.32,1878427
WI,1979,9429,1.99,1770,0.37,4744155
WA,1979,5116,1.30,1692,0.43,3944213
VT,1979,431,0.87,128,0.26,495909
VA,1979,8219,1.58,1834,0.35,5211399
UT,1979,1886,1.37,717,0.52,1378312
TX,1979,22176,1.65,6590,0.49,13473007
TN,1979,6934,1.58,1891,0.43,4390784
SD,1979,785,1.13,246,0.35,697666
SC,1979,4268,1.43,1066,0.36,2981730
RI,1979,1909,2.05,354,0.38,933358
PR,1979,,,,,3045000
PA,1979,20116,1.69,2608,0.22,11899574
OR,1979,3552,1.40,1239,0.49,2533278
OK,1979,4675,1.61,1154,0.40,2911745
OH,1979,16417,1.53,3005,0.28,10746923
NY,1979,44531,2.36,7627,0.40,18896268
NV,1979,2304,3.28,786,1.12,702000
NM,1979,1980,1.59,942,0.76,1244079
NJ,1979,21293,2.90,4237,0.58,7337782
NH,1979,1352,1.34,263,0.26,1005431
NE,1979,2538,1.58,917,0.57,1603256
ND,1979,884,1.33,167,0.25,662498
NC,1979,9345,1.67,1816,0.32,5610154
MT,1979,1358,1.70,543,0.68,798181
MS,1979,2945,1.22,645,0.27,2411075
MO,1979,9686,1.96,3465,0.70,4942969
MN,1979,6088,1.49,1363,0.33,4073921
MI,1979,17582,1.88,3577,0.38,9350656
ME,1979,1560,1.41,311,0.28,1104664
MD,1979,9348,2.21,1799,0.43,4232039
MA,1979,12553,2.17,1375,0.24,5780498
LA,1979,8747,2.17,1312,0.32,4039736
KY,1979,4180,1.18,1040,0.29,3537205
KS,1979,3828,1.61,1105,0.47,2370328
IN,1979,7416,1.37,1991,0.37,5413499
IL,1979,26496,2.35,5720,0.51,11264721
ID,1979,1742,1.88,304,0.33,924370
IA,1979,4112,1.41,1325,0.46,2911703
HI,1979,1988,2.10,393,0.42,946842
GU,1979,,,,,86926
GA,1979,9539,1.85,2211,0.43,5145108
FL,1979,18275,2.05,8106,0.91,8924302
DE,1979,869,1.49,191,0.33,582000
DC,1979,4034,6.15,549,0.84,656000
CZ,1979,,,,,44650
CT,1979,5429,1.70,751,0.24,3187710
CO,1979,6463,2.32,1981,0.71,2788170
CA,1979,47852,2.10,16904,0.74,22802669
AZ,1979,4865,1.98,2161,0.88,2458127
AR,1979,2886,1.32,730,0.33,2180000
AL,1979,6111,1.62,1753,0.46,3770191
AK,1979,555,1.25,207,0.46,445294
WY,1980,981,2.09,394,0.84,468954
WV,1980,2204,1.14,591,0.31,1931353
WI,1980,9623,2.04,1847,0.39,4707957
WA,1980,5544,1.34,1784,0.43,4126721
VT,1980,436,0.85,126,0.24,515056
VA,1980,8558,1.60,2031,0.38,5336555
UT,1980,1936,1.30,745,0.50,1486332
TX,1980,22800,1.59,6895,0.48,14302893
TN,1980,7342,1.61,1893,0.42,4556167
SD,1980,774,1.11,245,0.35,697288
SC,1980,4300,1.38,1146,0.37,3122787
RI,1980,1922,2.02,356,0.37,950345
PR,1980,,,,,3045000
PA,1980,19686,1.63,2757,0.23,12040750
OR,1980,3531,1.35,1225,0.47,2616164
OK,1980,4692,1.55,1227,0.41,3023007
OH,1980,15466,1.40,3376,0.31,11009711
NY,1980,44782,2.40,7673,0.41,18694648
NV,1980,2073,2.59,710,0.89,800312
NM,1980,2060,1.59,1014,0.78,1297693
NJ,1980,20625,2.81,4411,0.60,7343265
NH,1980,1342,1.29,280,0.27,1041881
NE,1980,2045,1.28,756,0.47,1592114
ND,1980,910,1.38,163,0.25,657335
NC,1980,9516,1.63,1920,0.33,5848092
MT,1980,859,1.08,400,0.50,794764
MS,1980,1729,0.69,385,0.15,2511491
MO,1980,8022,1.61,2297,0.46,4979528
MN,1980,5618,1.38,1274,0.31,4072762
MI,1980,16514,1.76,3633,0.39,9380358
ME,1980,1432,1.27,306,0.27,1131572
MD,1980,8675,2.03,1817,0.43,4266122
MA,1980,12134,2.12,1482,0.26,5733250
LA,1980,8693,2.06,1566,0.37,4214030
KY,1980,3996,1.09,1063,0.29,3653024
KS,1980,3730,1.56,1055,0.44,2388998
IN,1980,7153,1.31,1978,0.36,5474534
IL,1980,25008,2.20,4971,0.44,11392481
ID,1980,1527,1.59,324,0.34,960309
IA,1980,3461,1.19,1086,0.37,2916690
HI,1980,2034,2.01,405,0.40,1011103
GU,1980,,,,,86926
GA,1980,9523,1.75,2254,0.42,5431039
FL,1980,18297,1.90,8243,0.86,9633870
DE,1980,728,1.22,158,0.27,594779
DC,1980,3652,5.75,486,0.77,635233
CZ,1980,,,,,44650
CT,1980,5223,1.65,739,0.23,3163358
CO,1980,5463,1.89,1659,0.57,2896033
CA,1980,42290,1.79,15747,0.67,23644324
AZ,1980,4909,1.80,2277,0.84,2725962
AR,1980,2761,1.21,723,0.32,2284037
AL,1980,6059,1.56,1792,0.46,3881325
AK,1980,575,1.31,213,0.49,438869
WY,1981,1078,2.19,398,0.81,492000
WV,1981,2242,1.15,591,0.30,1954521
WI,1981,9636,2.02,1927,0.40,4769913
WA,1981,5517,1.31,1917,0.45,4225712
VT,1981,443,0.85,128,0.25,518784
VA,1981,8847,1.63,1999,0.37,5428769
UT,1981,1972,1.28,740,0.48,1539164
TX,1981,23314,1.57,7500,0.50,14893468
TN,1981,7302,1.58,1952,0.42,4623305
SD,1981,766,1.10,239,0.34,694028
SC,1981,4375,1.36,1091,0.34,3225026
RI,1981,1893,1.98,347,0.36,956539
PR,1981,,,,,3045000
PA,1981,19529,1.62,2742,0.23,12075312
OR,1981,3624,1.37,1205,0.45,2652767
OK,1981,4805,1.54,1272,0.41,3125799
OH,1981,15394,1.40,3235,0.29,11009899
NY,1981,46981,2.50,9124,0.49,18809745
NV,1981,2123,2.50,743,0.87,850170
NM,1981,2169,1.63,982,0.74,1328937
NJ,1981,21005,2.84,3983,0.54,7404654
NH,1981,1541,1.46,383,0.36,1052614
NE,1981,2097,1.31,742,0.46,1604413
ND,1981,926,1.40,194,0.29,662940
NC,1981,9563,1.61,2018,0.34,5956122
MT,1981,1038,1.29,464,0.58,805348
MS,1981,2082,0.82,465,0.18,2530000
MO,1981,8089,1.61,2305,0.46,5009973
MN,1981,5598,1.36,1384,0.34,4101608
MI,1981,15542,1.66,3099,0.33,9370270
ME,1981,1515,1.33,346,0.30,1139937
MD,1981,8879,2.05,1970,0.45,4336685
MA,1981,11596,2.01,1405,0.24,5774998
LA,1981,8776,2.03,1503,0.35,4322753
KY,1981,3961,1.08,992,0.27,3673284
KS,1981,3809,1.58,1090,0.45,2410957
IN,1981,7490,1.37,2048,0.37,5479361
IL,1981,25407,2.21,6255,0.54,11494936
ID,1981,1604,1.64,300,0.31,980821
IA,1981,3483,1.20,1150,0.40,2905854
HI,1981,2098,2.04,430,0.42,1026095
GU,1981,,,,,86926
GA,1981,10319,1.84,2343,0.42,5600401
FL,1981,19577,1.91,9021,0.88,10242064
DE,1981,695,1.16,96,0.16,598000
DC,1981,3594,5.65,447,0.70,636000
CZ,1981,,,,,44650
CT,1981,5399,1.69,802,0.25,3200944
CO,1981,6044,2.03,1776,0.60,2981143
CA,1981,44091,1.82,16659,0.69,24273613
AZ,1981,4919,1.75,2463,0.88,2804998
AR,1981,2873,1.24,775,0.34,2309660
AL,1981,6077,1.54,1877,0.48,3947449
AK,1981,588,1.30,250,0.55,451875
WY,1982,1153,2.30,457,0.91,502000
WV,1982,2210,1.13,661,0.34,1951516
WI,1982,9770,2.04,2083,0.43,4799408
WA,1982,5555,1.30,1904,0.45,4258819
VT,1982,459,0.88,136,0.26,519791
VA,1982,9081,1.65,2080,0.38,5493803
UT,1982,2107,1.33,789,0.50,1581972
TX,1982,24701,1.60,8311,0.54,15451085
TN,1982,7293,1.56,1988,0.43,4661823
SD,1982,771,1.10,238,0.34,703588
SC,1982,4344,1.33,1189,0.36,3260946
RI,1982,1914,1.99,366,0.38,962568
PR,1982,,,,,3045000
PA,1982,19319,1.60,2804,0.23,12090006
OR,1982,3576,1.35,1199,0.45,2655904
OK,1982,5050,1.58,1347,0.42,3204221
OH,1982,17276,1.57,3851,0.35,11035040
NY,1982,46585,2.47,9636,0.51,18864583
NV,1982,2102,2.37,816,0.92,886170
NM,1982,2267,1.66,978,0.72,1362303
NJ,1982,21245,2.85,4229,0.57,7441411
NH,1982,1557,1.47,397,0.37,1062106
NE,1982,2134,1.28,818,0.49,1661688
ND,1982,859,1.27,165,0.24,675030
NC,1982,9682,1.61,2132,0.35,6024181
MT,1982,1059,1.22,477,0.55,870804
MS,1982,2505,0.98,699,0.27,2551000
MO,1982,8139,1.62,2300,0.46,5034639
MN,1982,5468,1.32,1365,0.33,4147125
MI,1982,16064,1.73,3399,0.37,9272139
ME,1982,1500,1.31,384,0.34,1144555
MD,1982,9071,2.09,2036,0.47,4343762
MA,1982,11731,2.03,1495,0.26,5786183
LA,1982,8112,1.85,1183,0.27,4379987
KY,1982,3993,1.09,980,0.27,3678626
KS,1982,3918,1.60,1184,0.48,2442269
IN,1982,7507,1.37,2093,0.38,5484374
IL,1982,25465,2.20,6614,0.57,11553548
ID,1982,1747,1.77,230,0.23,987754
IA,1982,3475,1.19,1139,0.39,2917664
HI,1982,2149,2.06,488,0.47,1041835
GU,1982,,,,,86926
GA,1982,10476,1.85,2560,0.45,5670797
FL,1982,20174,1.91,11217,1.06,10542211
DE,1982,714,1.18,164,0.27,603669
DC,1982,3861,6.12,524,0.83,631000
CZ,1982,,,,,44650
CT,1982,5500,1.71,802,0.25,3222405
CO,1982,6209,2.03,1975,0.64,3063569
CA,1982,44836,1.80,17277,0.69,24902595
AZ,1982,4992,1.74,2620,0.91,2872286
AR,1982,2958,1.28,835,0.36,2309406
AL,1982,6077,1.52,1958,0.49,4007808
AK,1982,621,1.29,238,0.50,480391
WY,1983,1313,2.55,557,1.08,514000
WV,1983,2279,1.16,729,0.37,1968542
WI,1983,9921,2.07,2191,0.46,4782685
WA,1983,6356,1.48,2381,0.55,4308192
VT,1983,711,1.34,255,0.48,528856
VA,1983,10650,1.92,2639,0.48,5552833
UT,1983,2583,1.57,1017,0.62,1648138
TX,1983,28946,1.82,11710,0.74,15917022
TN,1983,8234,1.75,2498,0.53,4697444
SD,1983,927,1.30,305,0.43,712748
SC,1983,5287,1.59,1328,0.40,3318478
RI,1983,2082,2.17,408,0.43,959553
PA,1983,22912,1.89,3675,0.30,12106312
OR,1983,4272,1.60,1288,0.48,2668934
OK,1983,5776,1.74,1971,0.59,3327862
OH,1983,18536,1.69,4850,0.44,10971041
NY,1983,47570,2.52,9923,0.53,18873093
NV,1983,2310,2.58,854,0.95,896228
NM,1983,2762,1.97,1372,0.98,1404645
NJ,1983,23629,3.16,5152,0.69,7471424
NH,1983,1624,1.48,414,0.38,1096524
NE,1983,2567,1.54,992,0.59,1671779
ND,1983,979,1.43,253,0.37,685104
NC,1983,11341,1.86,2521,0.41,6087858
MT,1983,1317,1.48,549,0.62,889228
MS,1983,3578,1.38,1202,0.46,2587000
MO,1983,9106,1.81,3210,0.64,5042663
MN,1983,6064,1.46,1557,0.37,4158158
MI,1983,17462,1.89,4442,0.48,9231383
ME,1983,1434,1.24,342,0.30,1154058
MD,1983,10589,2.41,2424,0.55,4385408
MA,1983,13400,2.32,1831,0.32,5783341
LA,1983,11013,2.47,1819,0.41,4456297
KY,1983,5052,1.36,1689,0.45,3725773
KS,1983,4378,1.78,1514,0.62,2457371
IN,1983,8593,1.56,2656,0.48,5492393
IL,1983,27022,2.33,8016,0.69,11588790
ID,1983,1825,1.80,360,0.36,1011239
IA,1983,4090,1.40,1407,0.48,2917664
HI,1983,2180,2.03,505,0.47,1072227
GA,1983,11904,2.07,3399,0.59,5764320
FL,1983,22552,2.09,12920,1.20,10806691
DE,1983,1143,1.88,270,0.44,607678
DC,1983,3861,6.20,524,0.84,623000
CT,1983,6585,2.06,1302,0.41,3196662
CO,1983,7000,2.21,2190,0.69,3160502
CA,1983,51295,2.01,20538,0.81,25457775
AZ,1983,6053,2.03,3393,1.14,2975728
AR,1983,3536,1.50,1085,0.46,2357259
AL,1983,6903,1.72,2603,0.65,4018684
AK,1983,1070,2.04,709,1.35,525359
WY,1984,1354,2.65,554,1.08,511000
WV,1984,2767,1.42,1146,0.59,1954068
WI,1984,10109,2.11,2264,0.47,4797837
WA,1984,6443,1.48,2645,0.61,4353466
VT,1984,731,1.34,261,0.48,544102
VA,1984,10980,1.95,2693,0.48,5639141
UT,1984,2730,1.62,966,0.57,1683740
TX,1984,30464,1.89,12081,0.75,16115527
TN,1984,8143,1.72,3114,0.66,4729708
SD,1984,915,1.27,271,0.38,718380
SC,1984,5468,1.63,1356,0.40,3361430
RI,1984,2095,2.17,420,0.43,966452
PA,1984,22814,1.88,3701,0.30,12157173
OR,1984,4279,1.60,1311,0.49,2680631
OK,1984,6021,1.80,1871,0.56,3343462
OH,1984,18464,1.68,4782,0.44,10980343
NY,1984,52773,2.78,12802,0.68,18951381
NV,1984,2371,2.59,928,1.01,916349
NM,1984,2786,1.94,1422,0.99,1436880
NJ,1984,23849,3.17,5405,0.72,7518447
NH,1984,1646,1.48,424,0.38,1112253
NE,1984,2647,1.56,957,0.56,1698403
ND,1984,988,1.43,248,0.36,691036
NC,1984,11463,1.86,2651,0.43,6170971
MT,1984,1407,1.58,611,0.69,889032
MS,1984,3717,1.42,1225,0.47,2614707
MO,1984,9120,1.79,3201,0.63,5080944
MN,1984,6034,1.44,1651,0.40,4175935
MI,1984,17832,1.92,4393,0.47,9268441
ME,1984,1818,1.56,561,0.48,1163943
MD,1984,11108,2.50,2955,0.67,4438521
MA,1984,13341,2.29,1919,0.33,5814655
LA,1984,11343,2.53,1986,0.44,4480197
KY,1984,5080,1.35,1697,0.45,3754759
KS,1984,4425,1.79,1565,0.63,2469215
IN,1984,8292,1.50,2735,0.50,5511510
IL,1984,26911,2.32,6780,0.58,11612480
ID,1984,1879,1.83,365,0.36,1024888
IA,1984,3968,1.36,1263,0.43,2922583
HI,1984,2259,2.08,507,0.47,1088227
GA,1984,11126,1.89,2845,0.48,5874774
FL,1984,23172,2.11,13687,1.24,11004237
DE,1984,1159,1.89,299,0.49,614795
DC,1984,3879,6.23,497,0.80,623000
CT,1984,6752,2.10,1349,0.42,3213387
CO,1984,7084,2.21,2423,0.76,3198225
CA,1984,52411,2.03,21361,0.83,25824263
AZ,1984,6262,2.05,3628,1.19,3061489
AR,1984,3517,1.48,1155,0.49,2381048
AL,1984,6917,1.71,2780,0.69,4047951
AK,1984,955,1.71,495,0.89,557682
WY,1985,1369,2.68,554,1.09,510203
WV,1985,2726,1.41,1198,0.62,1938052
WI,1985,10075,2.10,2214,0.46,4806893
WA,1985,6554,1.49,2649,0.60,4412910
VT,1985,777,1.42,279,0.51,546603
VA,1985,11301,1.98,2745,0.48,5711438
UT,1985,2725,1.61,1116,0.66,1690917
TX,1985,32134,1.95,13353,0.81,16495601
TN,1985,8326,1.74,3194,0.67,4774830
SD,1985,944,1.31,327,0.45,720413
SC,1985,5702,1.67,1451,0.43,3411276
RI,1985,2102,2.16,429,0.44,972526
PA,1985,22728,1.88,3611,0.30,12101429
OR,1985,4254,1.57,1331,0.49,2705468
OK,1985,5916,1.77,2179,0.65,3344902
OH,1985,18804,1.72,4815,0.44,10962448
NY,1985,53813,2.83,11094,0.58,19028076
NV,1985,2478,2.63,958,1.02,941497
NM,1985,2851,1.95,1581,1.08,1463117
NJ,1985,24716,3.27,5590,0.74,7568785
NH,1985,1685,1.49,464,0.41,1134350
NE,1985,2661,1.57,990,0.58,1699840
ND,1985,990,1.43,281,0.41,690026
NC,1985,11594,1.85,2818,0.45,6271897
MT,1985,1399,1.53,645,0.70,916952
MS,1985,3783,1.44,1313,0.50,2629804
MO,1985,9085,1.78,3267,0.64,5101825
MN,1985,6161,1.46,1831,0.44,4207040
MI,1985,18722,2.02,4651,0.50,9282011
ME,1985,1839,1.57,577,0.49,1173937
MD,1985,11148,2.49,2971,0.66,4482401
MA,1985,13559,2.32,1877,0.32,5849832
LA,1985,11602,2.58,1795,0.40,4499550
KY,1985,5164,1.38,1813,0.48,3740524
KS,1985,4591,1.85,1553,0.62,2487754
IN,1985,8682,1.57,3015,0.55,5512510
IL,1985,26893,2.30,6768,0.58,11667537
ID,1985,1879,1.83,374,0.36,1028987
IA,1985,4102,1.42,1456,0.50,2896470
HI,1985,2250,2.04,507,0.46,1103930
GA,1985,12534,2.08,3727,0.62,6014671
FL,1985,23916,2.10,14723,1.29,11393898
DE,1985,1225,1.92,275,0.43,639650
DC,1985,3837,6.13,504,0.81,626000
CT,1985,6782,2.10,1376,0.43,3233761
CO,1985,7153,2.20,2594,0.80,3254888
CA,1985,51558,1.94,22272,0.84,26566282
AZ,1985,6371,1.99,4199,1.31,3195861
AR,1985,3545,1.48,1214,0.51,2402908
AL,1985,6930,1.70,2987,0.73,4086156
AK,1985,1041,1.80,490,0.85,579424
WY,1986,1317,2.59,573,1.12,509376
WV,1986,2674,1.39,1171,0.61,1920946
WI,1986,10008,2.08,2336,0.48,4817106
WA,1986,6686,1.50,2737,0.61,4466923
VT,1986,772,1.39,294,0.53,554275
VA,1986,11613,2.00,2914,0.50,5792479
UT,1986,2764,1.61,1022,0.60,1716434
TX,1986,34048,2.03,13369,0.80,16793731
TN,1986,8461,1.76,3386,0.70,4818369
SD,1986,961,1.33,332,0.46,720397
SC,1986,5996,1.74,1527,0.44,3444418
RI,1986,2107,2.15,432,0.44,979561
PA,1986,22545,1.85,3582,0.29,12211542
OR,1986,4256,1.57,1383,0.51,2716601
OK,1986,5850,1.75,2146,0.64,3347384
OH,1986,18588,1.68,5404,0.49,11048280
NY,1986,55453,2.91,11590,0.61,19023903
NV,1986,2517,2.60,1013,1.05,968281
NM,1986,2914,1.95,1547,1.04,1492636
NJ,1986,25281,3.31,5853,0.77,7634094
NH,1986,1785,1.53,472,0.40,1167503
NE,1986,2644,1.56,999,0.59,1690837
ND,1986,956,1.40,266,0.39,683963
NC,1986,11865,1.87,2954,0.47,6347911
MT,1986,1396,1.56,656,0.73,895401
MS,1986,3778,1.43,1406,0.53,2641643
MO,1986,9291,1.81,3411,0.66,5136721
MN,1986,6144,1.45,1956,0.46,4228232
MI,1986,19454,2.08,5056,0.54,9341302
ME,1986,1833,1.55,583,0.49,1184338
MD,1986,11378,2.51,3017,0.66,4540424
MA,1986,13934,2.38,2161,0.37,5860271
LA,1986,11522,2.54,1929,0.43,4527564
KY,1986,5264,1.41,1733,0.46,3740656
KS,1986,4623,1.87,1638,0.66,2476142
IN,1986,8660,1.57,3263,0.59,5517626
IL,1986,27583,2.37,6683,0.57,11659357
ID,1986,1934,1.87,407,0.39,1036521
IA,1986,4094,1.43,1496,0.52,2863256
HI,1986,2231,2.01,516,0.46,1111930
GA,1986,12907,2.10,3812,0.62,6149745
FL,1986,24875,2.13,15756,1.35,11703727
DE,1986,1198,1.84,281,0.43,651392
DC,1986,3877,6.19,537,0.86,626000
CT,1986,6780,2.09,1493,0.46,3249125
CO,1986,7350,2.23,2572,0.78,3299695
CA,1986,52981,1.95,22872,0.84,27193441
AZ,1986,6789,2.04,4443,1.34,3326187
AR,1986,3541,1.46,1293,0.53,2418887
AL,1986,7333,1.78,3068,0.74,4120193
AK,1986,1031,1.93,734,1.37,534000
WY,1987,1243,2.52,554,1.12,492578
WV,1987,2572,1.32,1165,0.60,1945724
WI,1987,9678,2.00,2382,0.49,4840238
WA,1987,6774,1.49,2678,0.59,4542029
VT,1987,806,1.44,310,0.55,561378
VA,1987,11904,2.01,3017,0.51,5909479
UT,1987,2740,1.58,1001,0.58,1733174
TX,1987,32522,1.92,16078,0.95,16897175
TN,1987,8794,1.81,3675,0.75,4870493
SD,1987,933,1.29,382,0.53,723988
SC,1987,6145,1.76,1764,0.50,3493298
RI,1987,2179,2.20,457,0.46,990693
PA,1987,22421,1.82,3887,0.32,12287271
OR,1987,4308,1.57,1372,0.50,2743106
OK,1987,5746,1.73,2315,0.70,3319416
OH,1987,19088,1.72,5581,0.50,11081160
NY,1987,55975,2.89,12604,0.65,19376674
NV,1987,2620,2.59,1065,1.05,1011971
NM,1987,2979,1.97,1630,1.08,1513969
NJ,1987,25945,3.38,6037,0.79,7686328
NH,1987,1865,1.55,509,0.42,1199593
NE,1987,2685,1.59,999,0.59,1684553
ND,1987,959,1.41,274,0.40,680134
NC,1987,12317,1.91,3166,0.49,6438075
MT,1987,1358,1.54,629,0.71,882767
MS,1987,3912,1.48,1352,0.51,2642649
MO,1987,9263,1.79,3493,0.68,5174684
MN,1987,6262,1.47,2175,0.51,4260244
MI,1987,19736,2.09,5119,0.54,9422447
ME,1987,1872,1.57,593,0.50,1193494
MD,1987,11495,2.49,3085,0.67,4614486
MA,1987,14395,2.45,2252,0.38,5884226
LA,1987,11854,2.64,1935,0.43,4487402
KY,1987,5294,1.41,1686,0.45,3745872
KS,1987,4850,1.95,1653,0.66,2489404
IN,1987,8650,1.56,3477,0.63,5545171
IL,1987,27863,2.38,6606,0.57,11686765
ID,1987,1966,1.91,479,0.47,1028254
IA,1987,4093,1.44,1554,0.55,2846018
HI,1987,2323,2.05,535,0.47,1133879
GA,1987,13706,2.19,4181,0.67,6269031
FL,1987,26443,2.19,16533,1.37,12051914
DE,1987,1251,1.89,300,0.45,662642
DC,1987,3909,6.28,619,1.00,622000
CT,1987,7177,2.19,1516,0.46,3277040
CO,1987,7427,2.23,2686,0.81,3328320
CA,1987,53471,1.92,22825,0.82,27885070
AZ,1987,6991,2.06,4602,1.36,3395685
AR,1987,3354,1.37,1468,0.60,2439566
AL,1987,7320,1.76,3127,0.75,4149862
AK,1987,964,1.84,531,1.01,525000
WY,1988,1256,2.65,575,1.21,474665
WV,1988,2541,1.32,1136,0.59,1931914
WI,1988,10162,2.08,2489,0.51,4891622
WA,1988,7068,1.53,2625,0.57,4627950
VT,1988,850,1.51,319,0.57,564545
VA,1988,12420,2.07,3144,0.52,6001507
UT,1988,2669,1.52,1034,0.59,1750459
TX,1988,32905,1.95,16799,0.99,16890568
TN,1988,9152,1.85,3814,0.77,4934635
SD,1988,929,1.27,397,0.54,730011
SC,1988,6349,1.78,1786,0.50,3562408
RI,1988,2208,2.21,470,0.47,999739
PA,1988,21958,1.77,3887,0.31,12399175
OR,1988,4439,1.61,1476,0.53,2760232
OK,1988,5782,1.75,2181,0.66,3312954
OH,1988,19306,1.73,5941,0.53,11172374
NY,1988,55967,2.88,14962,0.77,19440858
NV,1988,2760,2.59,1171,1.10,1065008
NM,1988,3107,2.03,1434,0.94,1529411
NJ,1988,26685,3.45,6495,0.84,7734524
NH,1988,1940,1.57,591,0.48,1239280
NE,1988,2746,1.62,1047,0.62,1691578
ND,1988,950,1.42,294,0.44,670762
NC,1988,12708,1.94,3288,0.50,6551413
MT,1988,1333,1.50,659,0.74,889906
MS,1988,4087,1.55,1382,0.52,2645137
MO,1988,9390,1.80,3614,0.69,5210876
MN,1988,6360,1.47,2268,0.52,4320534
MI,1988,18563,1.95,5460,0.57,9535293
ME,1988,1935,1.59,667,0.55,1217917
MD,1988,11889,2.49,3175,0.66,4775413
MA,1988,14602,2.47,2375,0.40,5900227
LA,1988,11944,2.69,1759,0.40,4446242
KY,1988,5282,1.41,1687,0.45,3740136
KS,1988,4994,2.01,1786,0.72,2490770
IN,1988,8715,1.56,3615,0.65,5589356
IL,1988,28723,2.46,7550,0.65,11667531
ID,1988,1960,1.90,518,0.50,1031963
IA,1988,4113,1.45,1582,0.56,2845958
HI,1988,2355,2.06,547,0.48,1143879
GA,1988,14691,2.28,4350,0.67,6449325
FL,1988,27872,2.25,17355,1.40,12412311
DE,1988,1319,1.94,437,0.64,679081
DC,1988,3920,6.32,718,1.16,620000
CT,1988,7225,2.18,1601,0.48,3317574
CO,1988,7490,2.26,2678,0.81,3320311
CA,1988,51205,1.80,21600,0.76,28413241
AZ,1988,6150,1.77,4173,1.20,3475852
AR,1988,3400,1.37,1553,0.63,2476263
AL,1988,7499,1.79,3216,0.77,4199336
AK,1988,957,1.87,583,1.14,513000
WY,1989,1235,2.58,603,1.26,478726
WV,1989,2511,1.32,1168,0.61,1905559
WI,1989,10257,2.10,2665,0.54,4895544
WA,1989,7328,1.54,2853,0.60,4768628
VT,1989,861,1.50,426,0.74,575708
VA,1989,12857,2.11,3335,0.55,6105035
UT,1989,2738,1.55,960,0.54,1768099
TX,1989,33578,1.96,18818,1.10,17103967
TN,1989,9721,1.96,3824,0.77,4955692
SD,1989,948,1.30,350,0.48,729630
SC,1989,6615,1.85,1902,0.53,3580250
RI,1989,2241,2.23,478,0.48,1002916
PA,1989,22318,1.79,4015,0.32,12452069
OR,1989,4615,1.63,1409,0.50,2839984
OK,1989,5870,1.80,2519,0.77,3268862
OH,1989,19069,1.70,6804,0.61,11217687
NY,1989,55831,2.86,15674,0.80,19493230
NV,1989,2935,2.63,1278,1.15,1116112
NM,1989,3137,2.03,1496,0.97,1548271
NJ,1989,27079,3.49,6716,0.87,7751018
NH,1989,1961,1.57,619,0.50,1249584
NE,1989,2806,1.65,1097,0.64,1700942
ND,1989,951,1.42,299,0.45,667679
NC,1989,13151,1.99,3584,0.54,6603111
MT,1989,1357,1.54,672,0.76,880653
MS,1989,4068,1.54,1430,0.54,2639599
MO,1989,9579,1.83,3785,0.72,5228852
MN,1989,6536,1.50,2455,0.56,4369480
MI,1989,20059,2.11,5439,0.57,9501079
ME,1989,1959,1.59,689,0.56,1234299
MD,1989,12160,2.52,3291,0.68,4826741
MA,1989,14649,2.46,2450,0.41,5943089
LA,1989,12081,2.74,1915,0.43,4408399
KY,1989,5420,1.45,1755,0.47,3746539
KS,1989,5141,2.04,1826,0.73,2514672
IN,1989,8703,1.55,3964,0.71,5607665
IL,1989,28707,2.44,7622,0.65,11781259
ID,1989,1983,1.89,557,0.53,1048197
IA,1989,4215,1.48,1581,0.55,2851865
HI,1989,2425,2.09,598,0.51,1162879
GA,1989,15501,2.39,4836,0.75,6484989
FL,1989,29118,2.29,19379,1.53,12706303
DE,1989,1379,1.99,483,0.70,692488
DC,1989,3974,6.58,742,1.23,604000
CT,1989,7217,2.18,1607,0.48,3316373
CO,1989,7573,2.26,2742,0.82,3353058
CA,1989,57863,1.97,25596,0.87,29323401
AZ,1989,7348,2.06,4938,1.38,3565734
AR,1989,3489,1.42,1624,0.66,2465686
AL,1989,7722,1.84,3299,0.79,4194689
AK,1989,944,1.79,536,1.02,527000
WY,1990,1264,2.77,615,1.35,457141
WV,1990,2550,1.39,1086,0.59,1834076
WI,1990,10353,2.11,2815,0.57,4916209
WA,1990,7723,1.58,3226,0.66,4877382
VT,1990,882,1.54,327,0.57,571253
VA,1990,13510,2.18,3520,0.57,6193231
UT,1990,3016,1.69,773,0.43,1782310
TX,1990,35119,2.05,19972,1.17,17094108
TN,1990,9819,2.01,4400,0.90,4891407
SD,1990,991,1.41,436,0.62,704888
SC,1990,6923,1.95,2095,0.59,3555097
RI,1990,2276,2.26,532,0.53,1008925
PA,1990,23028,1.88,4052,0.33,12268767
OR,1990,4724,1.65,1522,0.53,2864558
OK,1990,5988,1.88,2658,0.83,3190024
OH,1990,19548,1.75,7211,0.65,11145651
NY,1990,56299,2.88,15144,0.77,19570457
NV,1990,3094,2.56,1370,1.14,1206589
NM,1990,3259,2.12,1441,0.94,1536357
NJ,1990,27536,3.55,6731,0.87,7760737
NH,1990,1981,1.57,614,0.49,1257860
NE,1990,2910,1.74,1072,0.64,1671699
ND,1990,954,1.48,298,0.46,646556
NC,1990,13869,2.08,4215,0.63,6656486
MT,1990,1382,1.58,656,0.75,872769
MS,1990,4163,1.61,1506,0.58,2591165
MO,1990,9943,1.92,3928,0.76,5183863
MN,1990,6712,1.53,2513,0.57,4391132
MI,1990,19903,2.09,5345,0.56,9526552
ME,1990,1987,1.61,638,0.52,1237608
MD,1990,12661,2.58,3525,0.72,4915457
MA,1990,14486,2.40,2543,0.42,6046866
LA,1990,12642,2.98,1873,0.44,4243959
KY,1990,5626,1.52,1824,0.49,3704741
KS,1990,5406,2.18,1964,0.79,2479255
IN,1990,8858,1.59,4080,0.73,5557361
IL,1990,29296,2.54,9292,0.80,11549939
ID,1990,1987,1.91,584,0.56,1040226
IA,1990,4322,1.55,1647,0.59,2789295
HI,1990,2543,2.19,615,0.53,1159108
GA,1990,16355,2.49,5021,0.76,6573238
FL,1990,30411,2.34,20531,1.58,12973660
DE,1990,1838,2.68,517,0.75,685172
DC,1990,4740,7.81,781,1.29,606900
CT,1990,7413,2.21,1661,0.49,3358449
CO,1990,7682,2.31,2887,0.87,3328664
CA,1990,60105,2.00,26544,0.88,30047608
AZ,1990,7598,2.06,5092,1.38,3679876
AR,1990,3608,1.50,1769,0.73,2407377
AL,1990,8014,1.95,3443,0.84,4114708
AK,1990,988,1.80,516,0.94,550043
WY,1991,1313,2.83,593,1.28,463980
WV,1991,2661,1.44,1082,0.59,1841734
WI,1991,10704,2.15,3185,0.64,4979753
WA,1991,7984,1.59,3150,0.63,5028026
VT,1991,890,1.55,346,0.60,575557
VA,1991,13690,2.18,3682,0.59,6291964
UT,1991,3184,1.74,825,0.45,1834157
TX,1991,36449,2.09,20903,1.20,17460071
TN,1991,9747,1.96,4720,0.95,4967441
SD,1991,1040,1.46,417,0.59,711971
SC,1991,7522,2.08,2050,0.57,3617018
RI,1991,2269,2.25,522,0.52,1009463
PA,1991,23086,1.87,4522,0.37,12358119
OR,1991,4736,1.60,1496,0.51,2951615
OK,1991,6869,2.13,2884,0.90,3218783
OH,1991,20157,1.79,7091,0.63,11240577
NY,1991,56676,2.89,15131,0.77,19643856
NV,1991,2878,2.23,1281,0.99,1289081
NM,1991,3450,2.20,1581,1.01,1569748
NJ,1991,27348,3.51,6798,0.87,7793921
NH,1991,1963,1.57,605,0.48,1250358
NE,1991,2953,1.75,1092,0.65,1687149
ND,1991,1017,1.57,318,0.49,646827
NC,1991,16003,2.37,4969,0.73,6761034
MT,1991,1407,1.59,717,0.81,882516
MS,1991,4228,1.62,1473,0.56,2610080
MO,1991,9954,1.90,3923,0.75,5228955
MN,1991,6736,1.51,2700,0.61,4448238
MI,1991,19146,2.00,5982,0.62,9594949
ME,1991,1954,1.57,601,0.48,1244734
MD,1991,13112,2.63,3655,0.73,4994174
MA,1991,14071,2.33,2386,0.40,6026328
LA,1991,13384,3.13,1637,0.38,4276163
KY,1991,5730,1.54,1908,0.51,3731114
KS,1991,5530,2.22,2037,0.82,2496051
IN,1991,9041,1.61,4210,0.75,5623357
IL,1991,29575,2.54,9684,0.83,11649720
ID,1991,2077,1.94,617,0.58,1071462
IA,1991,4334,1.54,1672,0.60,2807619
HI,1991,2638,2.22,643,0.54,1187105
GA,1991,18038,2.70,5934,0.89,6675591
FL,1991,31003,2.33,21410,1.61,13313659
DE,1991,1861,2.66,516,0.74,699396
DC,1991,4502,7.53,646,1.08,598000
CT,1991,7151,2.13,1576,0.47,3362413
CO,1991,8078,2.37,3014,0.88,3408245
CA,1991,61492,2.01,27909,0.91,30612217
AZ,1991,7718,2.05,5188,1.38,3764985
AR,1991,3716,1.53,1912,0.79,2432370
AL,1991,8404,2.02,3621,0.87,4161618
AK,1991,1034,1.81,614,1.08,570000
WY,1992,1315,2.80,584,1.24,470028
WV,1992,2699,1.46,1115,0.60,1852949
WI,1992,11282,2.24,3346,0.67,5029240
WA,1992,8146,1.58,3327,0.65,5146257
VT,1992,888,1.53,328,0.57,578599
VA,1992,13808,2.16,3800,0.60,6383048
UT,1992,3370,1.79,780,0.42,1878704
TX,1992,38733,2.18,21186,1.19,17769008
TN,1992,9902,1.97,4908,0.97,5038647
SD,1992,1049,1.46,386,0.54,720070
SC,1992,7603,2.08,2370,0.65,3656971
RI,1992,2249,2.23,491,0.49,1010468
PA,1992,23246,1.87,4031,0.32,12407623
OR,1992,4756,1.58,1527,0.51,3005047
OK,1992,6308,1.94,2997,0.92,3256265
OH,1992,20157,1.78,6959,0.61,11319668
NY,1992,58019,2.94,15495,0.79,19710145
NV,1992,3365,2.53,1430,1.07,1332251
NM,1992,3451,2.15,1784,1.11,1603208
NJ,1992,27402,3.50,6930,0.89,7823043
NH,1992,1971,1.57,600,0.48,1257102
NE,1992,2965,1.74,1067,0.63,1700891
ND,1992,1016,1.57,331,0.51,647842
NC,1992,17058,2.48,5363,0.78,6867397
MT,1992,1471,1.63,759,0.84,899979
MS,1992,4289,1.63,1741,0.66,2632233
MO,1992,10059,1.91,4089,0.78,5266786
MN,1992,6798,1.51,2669,0.59,4496409
MI,1992,18999,1.96,6106,0.63,9669695
ME,1992,1994,1.60,607,0.49,1244734
MD,1992,12638,2.51,3565,0.71,5044948
MA,1992,14626,2.43,2402,0.40,6028332
LA,1992,13141,3.05,2111,0.49,4311357
KY,1992,6802,1.80,2056,0.54,3773313
KS,1992,5874,2.33,2116,0.84,2524061
IN,1992,9225,1.63,4267,0.75,5675479
IL,1992,29626,2.52,8916,0.76,11736479
ID,1992,2071,1.88,738,0.67,1100327
IA,1992,4403,1.56,1669,0.59,2824694
HI,1992,2714,2.24,676,0.56,1213250
GA,1992,18887,2.78,7212,1.06,6804598
FL,1992,31480,2.33,21943,1.62,13525227
DE,1992,1903,2.69,525,0.74,707864
DC,1992,4424,7.51,783,1.33,589000
CT,1992,7166,2.14,1660,0.50,3352192
CO,1992,8232,2.35,3028,0.86,3502092
CA,1992,60696,1.95,27966,0.90,31102927
AZ,1992,7588,1.97,5399,1.40,3847312
AR,1992,3874,1.57,1921,0.78,2460041
AL,1992,8642,2.05,3594,0.85,4209409
AK,1992,1024,1.74,552,0.94,587000
WY,1993,1134,2.39,578,1.22,474079
WV,1993,2687,1.44,1069,0.57,1860580
WI,1993,11576,2.28,3386,0.67,5074837
WA,1993,8235,1.56,3434,0.65,5265773
VT,1993,874,1.49,324,0.55,584646
VA,1993,14140,2.18,4795,0.74,6498299
UT,1993,3502,1.82,812,0.42,1927489
TX,1993,39076,2.15,23956,1.32,18146658
TN,1993,10249,2.00,4886,0.96,5113337
SD,1993,1070,1.48,422,0.58,723969
SC,1993,7769,2.10,2394,0.65,3700065
RI,1993,2274,2.26,518,0.52,1005587
PA,1993,23337,1.88,3804,0.31,12439217
OR,1993,4852,1.59,1558,0.51,3061194
OK,1993,6245,1.91,2883,0.88,3276795
OH,1993,20638,1.81,7148,0.63,11392583
NY,1993,58796,2.97,15830,0.80,19791368
NV,1993,3364,2.41,1425,1.02,1394010
NM,1993,3441,2.10,1512,0.92,1639020
NJ,1993,27526,3.48,6964,0.88,7913727
NH,1993,1981,1.56,612,0.48,1268772
NE,1993,2984,1.75,1102,0.65,1701298
ND,1993,1008,1.56,340,0.53,646385
NC,1993,17554,2.52,5586,0.80,6969481
MT,1993,1469,1.61,785,0.86,913444
MS,1993,4521,1.70,1828,0.69,2662343
MO,1993,10249,1.93,4173,0.79,5308467
MN,1993,7390,1.63,2906,0.64,4534740
MI,1993,18848,1.94,6276,0.65,9711487
ME,1993,2007,1.59,663,0.52,1265033
MD,1993,12942,2.54,3717,0.73,5096954
MA,1993,15014,2.48,2487,0.41,6042905
LA,1993,13534,3.13,2397,0.55,4319452
KY,1993,6921,1.82,2095,0.55,3796549
KS,1993,5991,2.37,2238,0.88,2532011
IN,1993,9055,1.58,4650,0.81,5726735
IL,1993,30071,2.55,9163,0.78,11803051
ID,1993,2058,1.82,669,0.59,1129671
IA,1993,4482,1.59,1665,0.59,2826653
HI,1993,2703,2.20,681,0.56,1225983
GA,1993,20995,3.01,8899,1.28,6971848
FL,1993,33030,2.41,23706,1.73,13718467
DE,1993,2079,2.89,568,0.79,719130
DC,1993,4390,7.60,832,1.44,578000
CT,1993,7180,2.15,1698,0.51,3346998
CO,1993,8381,2.33,2993,0.83,3597405
CA,1993,59918,1.90,27286,0.87,31453274
AZ,1993,7890,2.00,5585,1.41,3951420
AR,1993,3959,1.59,2046,0.82,2482991
AL,1993,8719,2.05,3920,0.92,4260591
AK,1993,1082,1.81,615,1.03,599000
WY,1994,1143,2.38,502,1.05,480120
WV,1994,2838,1.52,1061,0.57,1862590
WI,1994,11570,2.26,3557,0.69,5119155
WA,1994,8447,1.58,3446,0.64,5353950
VT,1994,876,1.49,330,0.56,588703
VA,1994,14528,2.21,4870,0.74,6559364
UT,1994,3434,1.74,1161,0.59,1974311
TX,1994,40292,2.18,25390,1.37,18487463
TN,1994,10452,2.01,5285,1.02,5189549
SD,1994,1076,1.47,549,0.75,730043
SC,1994,7905,2.12,2508,0.67,3724575
RI,1994,2351,2.34,542,0.54,1002570
PA,1994,23824,1.91,4026,0.32,12455622
OR,1994,5108,1.64,1593,0.51,3118829
OK,1994,6357,1.92,2882,0.87,3304148
OH,1994,21270,1.87,7854,0.69,11403775
NY,1994,60597,3.07,15823,0.80,19755887
NV,1994,3610,2.47,1545,1.06,1462255
NM,1994,3534,2.11,1550,0.92,1676440
NJ,1994,27792,3.50,7021,0.88,7945294
NH,1994,2003,1.56,633,0.49,1282258
NE,1994,3007,1.75,1169,0.68,1716368
ND,1994,1004,1.55,361,0.56,649435
NC,1994,18027,2.54,6454,0.91,7095681
MT,1994,1485,1.59,774,0.83,931941
MS,1994,4776,1.78,2068,0.77,2688533
MO,1994,10713,2.00,4394,0.82,5358013
MN,1994,7479,1.62,3039,0.66,4610322
MI,1994,19027,1.95,6256,0.64,9740756
ME,1994,1971,1.56,658,0.52,1266050
MD,1994,13427,2.61,3987,0.78,5140339
MA,1994,15240,2.51,2424,0.40,6072045
LA,1994,13681,3.15,3203,0.74,4339929
KY,1994,6996,1.82,2047,0.53,3835056
KS,1994,6162,2.41,2332,0.91,2555019
IN,1994,9162,1.59,4918,0.85,5765827
IL,1994,31626,2.66,9507,0.80,11868943
ID,1994,2004,1.72,785,0.67,1164612
IA,1994,4540,1.60,1764,0.62,2841718
HI,1994,2564,2.08,729,0.59,1233301
GA,1994,30622,4.31,13355,1.88,7110933
FL,1994,35276,2.52,25703,1.84,13987109
DE,1994,2094,2.89,595,0.82,725292
DC,1994,4125,7.24,655,1.15,570000
CT,1994,7229,2.16,1767,0.53,3348307
CO,1994,8411,2.28,3598,0.98,3686505
CA,1994,60810,1.92,27997,0.88,31674969
AZ,1994,8170,2.00,5531,1.35,4090962
AR,1994,4215,1.68,2218,0.88,2510009
AL,1994,8875,2.07,4010,0.93,4293105
AK,1994,1073,1.77,578,0.95,606000
WY,1995,1168,2.41,508,1.05,484452
WV,1995,2976,1.59,1019,0.55,1868043
WI,1995,11939,2.30,3704,0.71,5189655
WA,1995,8695,1.60,3490,0.64,5441876
VT,1995,916,1.54,341,0.57,593734
VA,1995,14899,2.25,4012,0.61,6625915
UT,1995,3959,1.96,1008,0.50,2022592
TX,1995,42507,2.26,24438,1.30,18817790
TN,1995,10640,2.02,5572,1.06,5270281
SD,1995,1124,1.52,564,0.76,740602
SC,1995,8502,2.28,2703,0.72,3730957
RI,1995,2342,2.35,552,0.55,995440
PA,1995,24160,1.94,4189,0.34,12478797
OR,1995,6210,1.96,2035,0.64,3174677
OK,1995,6674,2.00,3297,0.99,3329864
OH,1995,21182,1.85,8815,0.77,11452778
NY,1995,68879,3.49,15996,0.81,19720019
NV,1995,3761,2.45,1649,1.07,1534897
NM,1995,3732,2.18,1634,0.96,1709085
NJ,1995,28026,3.51,7346,0.92,7989740
NH,1995,2054,1.59,635,0.49,1294619
NE,1995,3079,1.78,1223,0.71,1730155
ND,1995,1037,1.59,390,0.60,652493
NC,1995,18600,2.58,6870,0.95,7218489
MT,1995,1561,1.65,838,0.89,946073
MS,1995,4928,1.83,2277,0.84,2697105
MO,1995,11189,2.07,4423,0.82,5405387
MN,1995,7663,1.65,3219,0.69,4654947
MI,1995,19672,2.01,6443,0.66,9793770
ME,1995,2033,1.60,649,0.51,1267067
MD,1995,13528,2.61,3935,0.76,5182371
MA,1995,15867,2.60,2877,0.47,6100843
LA,1995,13907,3.19,3648,0.84,4360669
KY,1995,7220,1.87,2161,0.56,3870874
KS,1995,6295,2.45,2486,0.97,2566030
IN,1995,9449,1.62,4895,0.84,5817404
IL,1995,32655,2.73,9456,0.79,11949487
ID,1995,2133,1.78,823,0.69,1196047
IA,1995,4699,1.65,1810,0.63,2855316
HI,1995,2517,2.03,704,0.57,1241665
GA,1995,31523,4.34,15101,2.08,7259408
FL,1995,36383,2.56,26526,1.87,14214968
DE,1995,2107,2.86,590,0.80,736565
DC,1995,3691,6.66,658,1.19,554000
CT,1995,7423,2.22,1716,0.51,3348376
CO,1995,8966,2.37,4091,1.08,3778017
CA,1995,63218,1.98,29183,0.92,31854695
AZ,1995,8706,2.05,5978,1.41,4236915
AR,1995,4743,1.87,2178,0.86,2540304
AL,1995,9191,2.13,4296,0.99,4319212
AK,1995,1134,1.88,637,1.05,604000
WY,1996,1273,2.62,607,1.25,485459
WV,1996,3045,1.63,1072,0.57,1865962
WI,1996,12087,2.31,3957,0.76,5232527
WA,1996,8755,1.58,3909,0.71,5543217
VT,1996,910,1.52,292,0.49,597791
VA,1996,15217,2.28,4127,0.62,6686395
UT,1996,3615,1.74,1602,0.77,2073379
TX,1996,43357,2.26,24900,1.30,19220640
TN,1996,11342,2.13,5805,1.09,5335414
SD,1996,1145,1.54,603,0.81,743647
SC,1996,8478,2.26,2787,0.74,3755337
RI,1996,2345,2.36,536,0.54,995440
PA,1996,24388,1.96,4236,0.34,12454953
OR,1996,5320,1.64,1918,0.59,3236571
OK,1996,6707,2.00,3104,0.93,3349145
OH,1996,21726,1.89,9314,0.81,11497672
NY,1996,68510,3.46,17562,0.89,19786862
NV,1996,3948,2.45,1749,1.09,1609339
NM,1996,3835,2.21,1616,0.93,1737481
NJ,1996,28429,3.54,7351,0.91,8037072
NH,1996,2138,1.63,667,0.51,1310361
NE,1996,3174,1.82,1162,0.67,1744920
ND,1996,1053,1.61,373,0.57,655543
NC,1996,19164,2.61,7370,1.00,7347575
MT,1996,1591,1.67,893,0.94,952476
MS,1996,5220,1.92,2292,0.84,2716105
MO,1996,11386,2.09,4660,0.86,5440912
MN,1996,7917,1.68,3304,0.70,4703408
MI,1996,20087,2.04,6599,0.67,9839317
ME,1996,2040,1.61,653,0.51,1269105
MD,1996,13637,2.62,3935,0.75,5213193
MA,1996,16325,2.67,2905,0.47,6119184
LA,1996,14132,3.23,3859,0.88,4369704
KY,1996,7204,1.85,2375,0.61,3894939
KS,1996,6331,2.46,2659,1.03,2573031
IN,1996,9706,1.66,5185,0.89,5855497
IL,1996,32579,2.72,10112,0.85,11966611
ID,1996,2400,1.96,877,0.72,1223729
IA,1996,4717,1.65,1888,0.66,2865360
HI,1996,2591,2.09,701,0.57,1238524
GA,1996,31452,4.22,14411,1.93,7457929
FL,1996,37350,2.53,25730,1.74,14746642
DE,1996,2108,2.83,607,0.82,744781
DC,1996,3632,6.69,759,1.40,543000
CT,1996,7484,2.24,1753,0.52,3347348
CO,1996,9284,2.41,3929,1.02,3859457
CA,1996,66339,2.06,30839,0.96,32131922
AZ,1996,9025,2.03,6570,1.48,4447854
AR,1996,5004,1.95,2282,0.89,2569763
AL,1996,9513,2.19,4658,1.07,4341388
AK,1996,1156,1.90,653,1.08,607000
WY,1997,1177,2.43,709,1.46,484446
WV,1997,3076,1.66,1052,0.57,1855705
WI,1997,12234,2.33,4035,0.77,5239946
WA,1997,9004,1.60,3826,0.68,5620355
VT,1997,934,1.56,287,0.48,597791
VA,1997,15442,2.29,4256,0.63,6745490
UT,1997,3957,1.85,1601,0.75,2134535
TX,1997,43596,2.23,26665,1.37,19533128
TN,1997,12643,2.35,6046,1.12,5377051
SD,1997,1152,1.54,614,0.82,748154
SC,1997,8979,2.35,2698,0.71,3815949
RI,1997,2386,2.40,531,0.54,992423
PA,1997,24678,1.99,4279,0.34,12417352
OR,1997,5403,1.65,1956,0.60,3275951
OK,1997,6804,2.02,3234,0.96,3365347
OH,1997,22570,1.96,9678,0.84,11511017
NY,1997,70203,3.56,17632,0.89,19730592
NV,1997,4132,2.45,1858,1.10,1683630
NM,1997,3862,2.21,1625,0.93,1744476
NJ,1997,29553,3.65,7749,0.96,8102463
NH,1997,2155,1.63,679,0.51,1322722
NE,1997,3204,1.83,1221,0.70,1750170
ND,1997,1087,1.67,377,0.58,652483
NC,1997,19658,2.64,7529,1.01,7449904
MT,1997,1613,1.69,879,0.92,952476
MS,1997,5346,1.96,2620,0.96,2731105
MO,1997,11692,2.13,4954,0.90,5491224
MN,1997,8074,1.71,3428,0.72,4731674
MI,1997,20634,2.06,6494,0.65,10023864
ME,1997,2071,1.63,627,0.49,1268079
MD,1997,14229,2.71,4284,0.82,5240988
MA,1997,16465,2.68,2910,0.47,6145292
LA,1997,15294,3.50,4022,0.92,4370705
KY,1997,7283,1.86,2344,0.60,3919004
KS,1997,6544,2.52,2642,1.02,2596039
IN,1997,10057,1.71,5310,0.90,5878552
IL,1997,31290,2.60,7945,0.66,12016058
ID,1997,2185,1.75,852,0.68,1245332
IA,1997,4817,1.68,1986,0.69,2865360
HI,1997,2778,2.24,854,0.69,1241657
GA,1997,31107,4.10,13105,1.73,7592819
FL,1997,37968,2.53,24691,1.65,15007458
DE,1997,1538,2.05,369,0.49,751970
DC,1997,4223,7.98,881,1.67,529000
CT,1997,6602,1.97,1266,0.38,3343253
CO,1997,9444,2.40,3863,0.98,3930817
CA,1997,60567,1.87,28345,0.88,32362913
AZ,1997,8322,1.82,6004,1.31,4575422
AR,1997,4602,1.78,2165,0.84,2584697
AL,1997,8963,2.04,4209,0.96,4388086
AK,1997,857,1.41,444,0.73,609000
WY,1998,1193,2.46,604,1.24,485341
WV,1998,3126,1.69,1005,0.54,1848996
WI,1998,12312,2.32,4422,0.83,5301409
WA,1998,9172,1.61,4044,0.71,5699159
VT,1998,944,1.59,285,0.48,591860
VA,1998,15897,2.34,4266,0.63,6802485
UT,1998,4168,1.90,1719,0.78,2199005
TX,1998,45772,2.31,26528,1.34,19849163
TN,1998,13073,2.40,8422,1.55,5438382
SD,1998,1178,1.57,605,0.81,751070
SC,1998,9451,2.43,2981,0.77,3890310
RI,1998,2400,2.41,606,0.61,994135
PA,1998,25135,2.02,4323,0.35,12432055
OR,1998,5472,1.65,2126,0.64,3316702
OK,1998,6921,2.04,3331,0.98,3393885
OH,1998,22875,1.98,9871,0.85,11566081
NY,1998,66581,3.33,16824,0.84,19964708
NV,1998,3889,2.22,2701,1.54,1753364
NM,1998,3975,2.27,1803,1.03,1751920
NJ,1998,29875,3.66,7750,0.95,8159326
NH,1998,2224,1.66,719,0.54,1342432
NE,1998,3250,1.85,1243,0.71,1754330
ND,1998,1093,1.68,372,0.57,649017
NC,1998,19480,2.57,7504,0.99,7565697
MT,1998,1627,1.71,987,1.04,952396
MS,1998,5491,2.00,2945,1.07,2752106
MO,1998,12015,2.17,5028,0.91,5526522
MN,1998,8235,1.72,3829,0.80,4774354
MI,1998,20995,2.08,6865,0.68,10082413
ME,1998,2139,1.68,675,0.53,1274119
MD,1998,14663,2.77,4224,0.80,5285233
MA,1998,16683,2.71,3211,0.52,6164413
LA,1998,15720,3.58,4280,0.98,4385359
KY,1998,7772,1.97,2140,0.54,3945918
KS,1998,6698,2.55,2759,1.05,2629938
IN,1998,10845,1.83,5896,1.00,5913427
IL,1998,33980,2.79,9430,0.78,12163478
ID,1998,2472,1.96,978,0.77,1264195
IA,1998,4976,1.73,2075,0.72,2874801
HI,1998,2721,2.11,881,0.68,1289793
GA,1998,32370,4.18,12685,1.64,7745797
FL,1998,37858,2.53,25929,1.73,14966475
DE,1998,2264,2.96,752,0.98,764381
DC,1998,4132,7.90,747,1.43,523000
CT,1998,7726,2.31,1822,0.54,3350286
CO,1998,10180,2.55,4339,1.09,3995806
CA,1998,68847,2.10,32097,0.98,32763349
AZ,1998,9780,2.09,7089,1.51,4689134
AR,1998,5369,2.07,2616,1.01,2599923
AL,1998,10066,2.29,4820,1.10,4397943
AK,1998,1113,1.81,659,1.07,614000
WY,1999,1233,2.55,626,1.29,484327
WV,1999,3251,1.78,919,0.50,1826649
WI,1999,12532,2.36,4444,0.84,5314509
WA,1999,9481,1.64,4061,0.70,5772925
VT,1999,976,1.62,300,0.50,602272
VA,1999,16353,2.38,4411,0.64,6881126
UT,1999,5009,2.23,1309,0.58,2242312
TX,1999,46063,2.29,27516,1.37,20134706
TN,1999,14777,2.69,9268,1.69,5491149
SD,1999,1216,1.64,617,0.83,743276
SC,1999,9677,2.47,3533,0.90,3912894
RI,1999,2400,2.41,648,0.65,997138
PA,1999,25861,2.08,4542,0.37,12422113
OR,1999,5638,1.68,2076,0.62,3353566
OK,1999,6935,2.04,3350,0.98,3405170
OH,1999,23183,2.00,10055,0.87,11577790
NY,1999,66680,3.34,26853,1.34,19992301
NV,1999,4525,2.49,2266,1.25,1814905
NM,1999,4094,2.33,1821,1.04,1754684
NJ,1999,30379,3.71,8032,0.98,8188146
NH,1999,2345,1.80,755,0.58,1301550
NE,1999,3268,1.85,1175,0.67,1762297
ND,1999,1110,1.72,389,0.60,646111
NC,1999,20307,2.65,8538,1.11,7671532
MT,1999,1641,1.71,1032,1.07,961317
MS,1999,5746,2.08,3055,1.10,2769107
MO,1999,12221,2.20,5108,0.92,5543399
MN,1999,8386,1.74,3929,0.81,4823751
MI,1999,20936,2.07,7245,0.72,10131696
ME,1999,2181,1.70,677,0.53,1283547
MD,1999,14669,2.75,4379,0.82,5329480
MA,1999,16978,2.74,3141,0.51,6190355
LA,1999,17058,3.86,3833,0.87,4422198
KY,1999,7881,1.98,2257,0.57,3971951
KS,1999,6769,2.55,2925,1.10,2654899
IN,1999,10895,1.83,5966,1.00,5957410
IL,1999,34136,2.79,9525,0.78,12246219
ID,1999,2553,1.98,976,0.76,1289082
IA,1999,5082,1.76,2238,0.77,2890876
HI,1999,2860,2.23,826,0.64,1281793
GA,1999,24670,3.14,9578,1.22,7845726
FL,1999,39452,2.60,26446,1.74,15178289
DE,1999,2428,3.13,942,1.22,774931
DC,1999,4104,7.91,795,1.53,519000
CT,1999,7770,2.31,1844,0.55,3357532
CO,1999,10417,2.55,4669,1.14,4081250
CA,1999,74236,2.23,36748,1.11,33243480
AZ,1999,10319,2.15,7386,1.54,4790537
AR,1999,5533,2.12,2624,1.01,2608974
AL,1999,10252,2.32,4846,1.10,4416008
AK,1999,1169,1.89,688,1.11,619000
WY,2000,1219,2.44,625,1.25,499238
WV,2000,3165,1.74,920,0.51,1819964
WI,2000,12695,2.34,4703,0.87,5433493
WA,2000,9635,1.63,4096,0.69,5910726
VT,2000,982,1.59,390,0.63,617492
VA,2000,16704,2.36,4494,0.63,7085348
UT,2000,4753,2.02,2180,0.93,2355886
TX,2000,47040,2.25,27953,1.34,20934833
TN,2000,15362,2.70,9532,1.67,5696812
SD,2000,1210,1.58,618,0.81,765528
SC,2000,10798,2.68,3253,0.81,4035045
RI,2000,2459,2.33,669,0.63,1054364
PA,2000,25862,2.02,4653,0.36,12822219
OR,2000,5685,1.64,2148,0.62,3460183
OK,2000,7069,2.02,3432,0.98,3498712
OH,2000,23972,2.06,10560,0.91,11633043
NY,2000,67736,3.26,21398,1.03,20769343
NV,2000,4828,2.41,2325,1.16,2003421
NM,2000,4206,2.30,1662,0.91,1830812
NJ,2000,30718,3.63,8151,0.96,8461319
NH,2000,2388,1.80,806,0.61,1327707
NE,2000,3348,1.89,1288,0.73,1776031
ND,2000,1121,1.70,393,0.60,658473
NC,2000,20711,2.56,7976,0.99,8084417
MT,2000,1549,1.58,1098,1.12,979214
MS,2000,5900,2.07,2884,1.01,2844765
MO,2000,12136,2.14,5155,0.91,5666897
MN,2000,8449,1.70,4153,0.83,4983365
MI,2000,21262,2.08,7533,0.74,10243936
ME,2000,2221,1.69,720,0.55,1314095
MD,2000,14941,2.74,4559,0.84,5449611
MA,2000,16955,2.66,3227,0.51,6365273
LA,2000,17248,3.81,3922,0.87,4522112
KY,2000,8016,1.97,2409,0.59,4066838
KS,2000,6843,2.48,3180,1.15,2761829
IN,2000,11185,1.83,6326,1.04,6096020
IL,2000,36807,2.94,13370,1.07,12499777
ID,2000,2576,1.94,1039,0.78,1326951
IA,2000,5107,1.73,2407,0.82,2950043
HI,2000,2997,2.28,858,0.65,1314665
GA,2000,24828,3.03,10943,1.33,8200086
FL,2000,41283,2.57,26356,1.64,16049613
DE,2000,2649,3.28,1013,1.26,806621
DC,2000,4247,7.42,1043,1.82,572059
CT,2000,7788,2.23,1979,0.57,3485100
CO,2000,10663,2.46,4720,1.09,4333212
CA,2000,73095,2.15,36099,1.06,33974269
AZ,2000,10455,2.03,7594,1.48,5142271
AR,2000,5573,2.04,2800,1.02,2737887
AL,2000,10298,2.29,5023,1.12,4488050
AK,2000,1158,1.85,675,1.08,626932
WY,2001,1270,2.54,776,1.55,499886
WV,2001,3135,1.73,911,0.50,1813493
WI,2001,12811,2.34,4844,0.89,5472216
WA,2001,9866,1.64,4218,0.70,6004842
VT,2001,1007,1.62,343,0.55,621815
VA,2001,17093,2.38,4770,0.66,7194672
UT,2001,4698,1.97,2240,0.94,2387140
TX,2001,47699,2.23,28811,1.35,21416331
TN,2001,15974,2.78,9186,1.60,5750195
SD,2001,1264,1.65,741,0.97,767707
SC,2001,10872,2.66,3377,0.83,4086286
RI,2001,2448,2.30,635,0.60,1065026
PA,2001,25981,2.03,4735,0.37,12815044
OR,2001,5687,1.62,2225,0.63,3512205
OK,2001,7204,2.05,3504,1.00,3512705
OH,2001,23999,2.06,10657,0.91,11648402
NY,2001,66969,3.22,23671,1.14,20795253
NV,2001,4518,2.14,3015,1.43,2112936
NM,2001,4037,2.19,1562,0.85,1840977
NJ,2001,31069,3.64,8511,1.00,8531789
NH,2001,2446,1.85,839,0.63,1325114
NE,2001,3403,1.91,1236,0.70,1778173
ND,2001,1130,1.74,398,0.61,649488
NC,2001,21184,2.58,8932,1.09,8221148
MT,2001,1660,1.70,1163,1.19,976899
MS,2001,5843,2.04,3446,1.21,2858136
MO,2001,12271,2.15,5407,0.95,5701710
MN,2001,8562,1.70,4358,0.86,5038797
MI,2001,21737,2.11,7164,0.70,10287311
ME,2001,2227,1.68,685,0.52,1322818
MD,2001,15186,2.75,4752,0.86,5530549
MA,2001,17017,2.66,3370,0.53,6395204
LA,2001,16831,3.72,4599,1.02,4518855
KY,2001,8160,1.99,2381,0.58,4101396
KS,2001,7012,2.58,3244,1.19,2717796
IN,2001,11137,1.82,7010,1.14,6130368
IL,2001,36774,2.93,13969,1.11,12558378
ID,2001,2637,1.94,1164,0.86,1358864
IA,2001,5125,1.74,2455,0.83,2944852
HI,2001,2891,2.18,876,0.66,1328623
GA,2001,34689,4.13,15225,1.81,8403421
FL,2001,41921,2.55,24945,1.51,16465493
DE,2001,2719,3.32,1070,1.31,818643
DC,2001,4569,7.99,887,1.55,571822
CT,2001,7971,2.27,1884,0.54,3505041
CO,2001,11064,2.49,5140,1.16,4449380
CA,2001,73516,2.12,36102,1.04,34608064
AZ,2001,10822,2.03,7739,1.45,5323460
AR,2001,5698,2.07,2836,1.03,2752264
AL,2001,10237,2.27,5207,1.16,4502059
AK,2001,1204,1.90,661,1.04,634892
WY,2002,1270,2.52,759,1.51,504213
WV,2002,3079,1.70,931,0.51,1813445
WI,2002,12822,2.32,4883,0.88,5518622
WA,2002,9923,1.63,3885,0.64,6093559
VT,2002,1013,1.62,413,0.66,625369
VA,2002,17220,2.36,5105,0.70,7300583
UT,2002,4733,1.94,2258,0.92,2444864
TX,2002,48117,2.20,29991,1.37,21857459
TN,2002,16158,2.78,9697,1.67,5812035
SD,2002,1283,1.66,749,0.97,772235
SC,2002,10902,2.64,3992,0.97,4125577
RI,2002,2494,2.32,641,0.60,1075893
PA,2002,26498,2.06,4935,0.38,12859638
OR,2002,5729,1.61,2091,0.59,3562454
OK,2002,7231,2.04,3499,0.99,3544795
OH,2002,24682,2.11,10775,0.92,11678044
NY,2002,65526,3.13,22494,1.07,20955239
NV,2002,4926,2.26,3406,1.56,2180572
NM,2002,4164,2.23,1527,0.82,1866916
NJ,2002,31026,3.59,8588,0.99,8638252
NH,2002,2455,1.83,808,0.60,1340548
NE,2002,3497,1.95,1290,0.72,1794722
ND,2002,1151,1.77,443,0.68,650180
NC,2002,21234,2.54,9039,1.08,8347250
MT,2002,1692,1.72,1185,1.21,981132
MS,2002,5877,2.05,3428,1.19,2871782
MO,2002,13431,2.36,5717,1.01,5684884
MN,2002,8612,1.69,4568,0.90,5086860
MI,2002,23420,2.26,8117,0.78,10348434
ME,2002,2248,1.69,748,0.56,1329171
MD,2002,15363,2.74,4948,0.88,5615508
MA,2002,16941,2.63,3381,0.52,6442064
LA,2002,17530,3.87,5609,1.24,4529119
KY,2002,8241,2.00,2380,0.58,4118154
KS,2002,7077,2.54,3224,1.16,2786107
IN,2002,11350,1.84,7140,1.16,6174803
IL,2002,36637,2.89,14082,1.11,12671130
ID,2002,2638,1.91,1214,0.88,1378653
IA,2002,5121,1.73,2495,0.84,2963614
HI,2002,2932,2.17,858,0.64,1350867
GA,2002,24784,2.88,9926,1.16,8593897
FL,2002,42787,2.55,28771,1.71,16790087
DE,2002,2825,3.40,1103,1.33,832091
DC,2002,4623,8.10,1013,1.77,570898
CT,2002,7975,2.25,1990,0.56,3541286
CO,2002,11499,2.53,4935,1.09,4539943
CA,2002,76634,2.18,40558,1.15,35222901
AZ,2002,10985,2.01,7772,1.42,5468832
AR,2002,5722,2.07,2901,1.05,2766823
AL,2002,10292,2.28,5127,1.14,4516995
AK,2002,1203,1.87,701,1.09,643893
WY,2003,1352,2.67,798,1.57,506879
WV,2003,3221,1.77,907,0.50,1822836
WI,2003,13012,2.34,5009,0.90,5556161
WA,2003,9958,1.62,4185,0.68,6155586
VT,2003,1037,1.65,368,0.58,629073
VA,2003,17483,2.36,5204,0.70,7393288
UT,2003,4739,1.93,2443,0.99,2457770
TX,2003,48863,2.20,30111,1.36,22191199
TN,2003,16383,2.80,9205,1.57,5856475
SD,2003,1314,1.70,749,0.97,774952
SC,2003,11132,2.67,3979,0.95,4167510
RI,2003,2515,2.32,638,0.59,1082476
PA,2003,26465,2.05,4873,0.38,12888020
OR,2003,5589,1.55,2058,0.57,3604250
OK,2003,7192,2.02,3456,0.97,3566501
OH,2003,24110,2.06,10649,0.91,11693154
NY,2003,56802,2.70,19503,0.93,21018067
NV,2003,4708,2.09,3168,1.41,2247570
NM,2003,4158,2.20,1491,0.79,1892610
NJ,2003,31765,3.66,8750,1.01,8688836
NH,2003,2494,1.85,808,0.60,1349937
NE,2003,3530,1.96,1373,0.76,1803654
ND,2003,1180,1.81,420,0.65,650626
NC,2003,21782,2.58,9194,1.09,8433301
MT,2003,1703,1.72,1222,1.24,987421
MS,2003,5877,2.04,3333,1.16,2881281
MO,2003,13585,2.37,5735,1.00,5732950
MN,2003,8602,1.67,4426,0.86,5135884
MI,2003,23008,2.21,8311,0.80,10392804
ME,2003,2272,1.69,726,0.54,1344343
MD,2003,15323,2.70,4761,0.84,5672192
MA,2003,16539,2.57,3201,0.50,6447698
LA,2003,17308,3.81,5082,1.12,4542081
KY,2003,9427,2.27,2725,0.66,4145297
KS,2003,7198,2.58,3295,1.18,2794304
IN,2003,11400,1.83,7065,1.14,6214751
IL,2003,36714,2.89,13750,1.08,12719599
ID,2003,2690,1.91,1182,0.84,1407177
IA,2003,5064,1.70,2501,0.84,2973146
HI,2003,2949,2.16,861,0.63,1364659
GA,2003,35332,4.05,15073,1.73,8719493
FL,2003,43384,2.54,26919,1.57,17102484
DE,2003,2828,3.36,1078,1.28,841448
DC,2003,4509,8.00,907,1.61,563384
CT,2003,7885,2.21,1754,0.49,3565135
CO,2003,11486,2.51,5060,1.10,4584627
CA,2003,77624,2.18,40267,1.13,35592667
AZ,2003,11146,1.99,7929,1.42,5602641
AR,2003,5783,2.08,2907,1.05,2773659
AL,2003,10477,2.31,5250,1.16,4531274
AK,2003,1174,1.81,682,1.05,648921
WY,2004,1310,2.56,697,1.36,512254
WV,2004,3228,1.77,910,0.50,1828129
WI,2004,12945,2.31,5155,0.92,5593370
WA,2004,9901,1.59,4195,0.67,6235902
VT,2004,1084,1.71,350,0.55,632382
VA,2004,17721,2.37,5220,0.70,7466783
UT,2004,4682,1.88,2573,1.03,2494676
TX,2004,49377,2.19,30379,1.35,22560566
TN,2004,16578,2.80,9516,1.61,5913360
SD,2004,1379,1.77,872,1.12,781164
SC,2004,11834,2.81,4372,1.04,4218132
RI,2004,2482,2.28,625,0.57,1086969
PA,2004,26394,2.04,4878,0.38,12949082
OR,2004,5571,1.53,2232,0.61,3639657
OK,2004,7132,1.99,3479,0.97,3579422
OH,2004,23680,2.02,10458,0.89,11714712
NY,2004,64517,3.06,23562,1.12,21053780
NV,2004,4777,2.04,3288,1.40,2341129
NM,2004,4231,2.20,1532,0.80,1922397
NJ,2004,31761,3.63,9026,1.03,8750387
NH,2004,2499,1.84,818,0.60,1357671
NE,2004,3575,1.98,1407,0.78,1809146
ND,2004,1216,1.86,433,0.66,652988
NC,2004,22261,2.60,9685,1.13,8568209
MT,2004,1738,1.74,1194,1.20,996511
MS,2004,6005,2.07,3605,1.24,2904176
MO,2004,13660,2.36,5685,0.98,5784134
MN,2004,8693,1.67,4521,0.87,5217233
MI,2004,22719,2.17,8497,0.81,10462367
ME,2004,2259,1.66,718,0.53,1359674
MD,2004,16936,2.96,5533,0.97,5726100
MA,2004,16358,2.54,3362,0.52,6430871
LA,2004,17597,3.86,5107,1.12,4561336
KY,2004,9436,2.26,2941,0.70,4174200
KS,2004,7550,2.69,3019,1.08,2808073
IN,2004,11509,1.84,7054,1.13,6256746
IL,2004,36624,2.87,13768,1.08,12779604
ID,2004,2696,1.88,1243,0.86,1437770
IA,2004,5038,1.69,2501,0.84,2981527
HI,2004,2845,2.08,819,0.60,1370337
GA,2004,35438,4.00,14635,1.65,8865341
FL,2004,45130,2.58,28551,1.63,17489500
DE,2004,2880,3.37,1140,1.33,854779
DC,2004,4764,8.61,825,1.49,553523
CT,2004,7925,2.21,1806,0.50,3586296
CO,2004,11485,2.48,5191,1.12,4638693
CA,2004,76432,2.12,39646,1.10,36003471
AZ,2004,11418,1.98,8546,1.48,5765872
AR,2004,5924,2.13,2952,1.06,2781633
AL,2004,10589,2.33,5382,1.18,4550680
AK,2004,1252,1.91,688,1.05,655932
WY,2005,1340,2.60,497,0.96,515094
WV,2005,3289,1.80,879,0.48,1829736
WI,2005,13172,2.34,4948,0.88,5621216
WA,2005,10210,1.62,4027,0.64,6317852
VT,2005,1163,1.84,404,0.64,632830
VA,2005,18003,2.38,5100,0.67,7572336
UT,2005,4769,1.85,2666,1.03,2579994
TX,2005,50026,2.18,31164,1.36,22931222
TN,2005,16148,2.70,9937,1.66,5974002
SD,2005,1406,1.77,876,1.10,793779
SC,2005,11589,2.71,4274,1.00,4274954
RI,2005,2560,2.37,659,0.61,1082452
PA,2005,26482,2.04,4988,0.38,12970259
OR,2005,5657,1.53,2223,0.60,3689202
OK,2005,7132,1.98,4000,1.11,3607913
OH,2005,24021,2.05,10158,0.87,11703070
NY,2005,64847,3.08,23502,1.11,21085280
NV,2005,4985,2.06,3573,1.48,2421139
NM,2005,4338,2.23,1635,0.84,1947879
NJ,2005,32330,3.69,9077,1.03,8770503
NH,2005,2584,1.89,827,0.60,1367915
NE,2005,3588,1.97,1363,0.75,1823210
ND,2005,1208,1.84,417,0.63,657313
NC,2005,22527,2.59,9883,1.13,8710624
MT,2005,1729,1.72,1242,1.24,1005339
MS,2005,5889,2.02,3674,1.26,2922286
MO,2005,13399,2.30,5830,1.00,5833568
MN,2005,8428,1.60,4505,0.86,5251641
MI,2005,22382,2.13,8052,0.77,10503531
ME,2005,2278,1.67,693,0.51,1365098
MD,2005,15381,2.67,5055,0.88,5769032
MA,2005,16732,2.61,3360,0.52,6413161
LA,2005,17355,3.76,4366,0.95,4613033
KY,2005,9579,2.28,2723,0.65,4198940
KS,2005,7427,2.63,3372,1.20,2819342
IN,2005,11512,1.83,6618,1.05,6284182
IL,2005,36716,2.86,14878,1.16,12826171
ID,2005,2844,1.93,1245,0.84,1474282
IA,2005,5067,1.69,2555,0.85,2993509
HI,2005,2955,2.14,850,0.61,1383742
GA,2005,35799,3.93,14651,1.61,9111910
FL,2005,43965,2.46,29341,1.64,17883830
DE,2005,2927,3.36,1085,1.25,870075
DC,2005,4767,8.66,757,1.38,550521
CT,2005,7857,2.19,1801,0.50,3593240
CO,2005,11997,2.55,5179,1.10,4702789
CA,2005,76702,2.12,40049,1.11,36243236
AZ,2005,11764,1.97,9229,1.55,5961525
AR,2005,6052,2.15,3059,1.09,2808844
AL,2005,10692,2.34,5223,1.14,4575157
AK,2005,1216,1.83,669,1.01,664150
WY,2006,1348,2.59,559,1.07,521073
WV,2006,3402,1.86,881,0.48,1831328
WI,2006,13140,2.33,5090,0.90,5641804
WA,2006,10118,1.57,4134,0.64,6428613
VT,2006,1168,1.84,404,0.64,633732
VA,2006,18342,2.40,5317,0.70,7647723
UT,2006,4619,1.74,3030,1.14,2652169
TX,2006,50537,2.14,32697,1.39,23579632
TN,2006,15973,2.64,10045,1.66,6049950
SD,2006,1405,1.75,919,1.14,803401
SC,2006,11970,2.76,4097,0.94,4342253
RI,2006,2570,2.39,666,0.62,1073858
PA,2006,26858,2.06,4988,0.38,13007252
OR,2006,5843,1.56,3283,0.88,3750459
OK,2006,7208,1.98,3978,1.09,3644477
OH,2006,24647,2.11,10169,0.87,11698918
NY,2006,64896,3.07,24258,1.15,21155940
NV,2006,5281,2.11,3819,1.53,2502102
NM,2006,4197,2.14,1676,0.86,1960013
NJ,2006,32129,3.66,8580,0.98,8774169
NH,2006,2610,1.90,850,0.62,1372416
NE,2006,3609,1.97,1381,0.75,1830752
ND,2006,1214,1.85,441,0.67,656369
NC,2006,22996,2.59,10154,1.14,8889498
MT,2006,1793,1.78,1133,1.12,1007609
MS,2006,6051,2.08,3787,1.30,2911756
MO,2006,13854,2.36,5865,1.00,5878107
MN,2006,8613,1.63,4704,0.89,5294340
MI,2006,22249,2.12,7857,0.75,10472927
ME,2006,2260,1.66,751,0.55,1361204
MD,2006,17088,2.95,5996,1.04,5782952
MA,2006,17613,2.73,3498,0.54,6449866
LA,2006,17212,3.94,4317,0.99,4364276
KY,2006,9726,2.30,2589,0.61,4232421
KS,2006,7520,2.65,3434,1.21,2842603
IN,2006,11405,1.80,6836,1.08,6325730
IL,2006,37415,2.90,14850,1.15,12903652
ID,2006,2911,1.92,1391,0.92,1514779
IA,2006,5126,1.70,2605,0.87,3009709
HI,2006,3029,2.17,862,0.62,1394924
GA,2006,36273,3.85,15126,1.61,9414191
FL,2006,48329,2.66,29016,1.60,18186529
DE,2006,2867,3.25,1047,1.19,881748
DC,2006,4796,8.25,797,1.37,581530
CT,2006,7902,2.20,1831,0.51,3587033
CO,2006,12109,2.53,5323,1.11,4790446
CA,2006,78066,2.13,41368,1.13,36572532
AZ,2006,12014,1.94,9569,1.55,6179065
AR,2006,6048,2.12,3192,1.12,2850710
AL,2006,10686,2.31,5544,1.20,4616525
AK,2006,1259,1.88,722,1.08,670527
WY,2007,1438,2.72,698,1.32,529131
WV,2007,3358,1.84,914,0.50,1824749
WI,2007,13067,2.30,5779,1.02,5686904
WA,2007,10449,1.61,4283,0.66,6500793
VT,2007,1143,1.81,385,0.61,631049
VA,2007,18751,2.43,5342,0.69,7716894
UT,2007,4756,1.73,3184,1.16,2751296
TX,2007,52033,2.17,34006,1.42,23977218
TN,2007,16333,2.65,15606,2.53,6169812
SD,2007,1436,1.75,800,0.97,820695
SC,2007,12294,2.77,4310,0.97,4432638
RI,2007,2587,2.43,666,0.63,1063980
PA,2007,27407,2.11,5063,0.39,12977687
OR,2007,6869,1.81,4493,1.18,3797589
OK,2007,7435,2.02,4018,1.09,3683300
OH,2007,24985,2.14,10969,0.94,11686891
NY,2007,64669,3.06,24956,1.18,21141230
NV,2007,6414,2.49,3143,1.22,2571920
NM,2007,4329,2.19,1704,0.86,1975264
NJ,2007,32911,3.77,9412,1.08,8734669
NH,2007,2657,1.94,857,0.62,1372790
NE,2007,3556,1.93,1398,0.76,1845915
ND,2007,1229,1.87,464,0.70,658340
NC,2007,23400,2.57,10306,1.13,9095201
MT,2007,1851,1.81,1068,1.04,1022745
MS,2007,6076,2.08,3721,1.27,2919962
MO,2007,15465,2.61,7013,1.18,5918287
MN,2007,8823,1.65,4818,0.90,5332183
MI,2007,22043,2.11,7907,0.76,10451398
ME,2007,2340,1.72,774,0.57,1357264
MD,2007,15988,2.76,5394,0.93,5788936
MA,2007,17479,2.71,3631,0.56,6461073
LA,2007,16783,3.84,5958,1.36,4375963
KY,2007,9850,2.31,2662,0.62,4269523
KS,2007,7634,2.67,3415,1.20,2856095
IN,2007,11648,1.83,6334,1.00,6357333
IL,2007,37489,2.90,16259,1.26,12923835
ID,2007,2970,1.92,1498,0.97,1549218
IA,2007,5227,1.73,2678,0.89,3015918
HI,2007,3014,2.16,901,0.65,1392635
GA,2007,37556,3.91,15221,1.58,9603810
FL,2007,45359,2.47,30055,1.64,18341214
DE,2007,2843,3.22,1098,1.24,884060
DC,2007,4902,8.33,832,1.41,588292
CT,2007,8000,2.23,1903,0.53,3584852
CO,2007,12299,2.51,5561,1.13,4900222
CA,2007,81076,2.21,43396,1.18,36672767
AZ,2007,12661,1.99,10122,1.59,6351417
AR,2007,6216,2.17,3196,1.12,2862582
AL,2007,10885,2.34,5787,1.25,4646319
AK,2007,1246,1.82,689,1.01,683918
WY,2008,1429,2.65,647,1.20,539308
WV,2008,3121,1.71,1004,0.55,1826800
WI,2008,13176,2.31,5628,0.98,5714275
WA,2008,10706,1.63,4390,0.67,6581318
VT,2008,1088,1.72,382,0.61,630943
VA,2008,19130,2.46,5407,0.70,7775680
UT,2008,4829,1.70,3036,1.07,2842728
TX,2008,53418,2.19,35050,1.44,24401987
TN,2008,16515,2.65,10444,1.68,6230777
SD,2008,1448,1.74,841,1.01,831492
SC,2008,12620,2.80,4316,0.96,4506037
RI,2008,2592,2.45,661,0.63,1056952
PA,2008,27156,2.09,5082,0.39,12990337
OR,2008,6787,1.77,4518,1.18,3841297
OK,2008,7846,2.12,3895,1.05,3704782
OH,2008,25318,2.16,10534,0.90,11713451
NY,2008,65611,3.07,20374,0.95,21383787
NV,2008,5747,2.20,3114,1.19,2606849
NM,2008,4385,2.20,1728,0.87,1989674
NJ,2008,32486,3.72,9289,1.06,8726828
NH,2008,2775,2.02,882,0.64,1371973
NE,2008,3615,1.95,1356,0.73,1855988
ND,2008,1251,1.90,449,0.68,658883
NC,2008,23972,2.59,10897,1.18,9257073
MT,2008,1811,1.76,1111,1.08,1031083
MS,2008,6086,2.07,3768,1.28,2939817
MO,2008,15754,2.65,7069,1.19,5950049
MN,2008,8977,1.66,4847,0.90,5414468
MI,2008,22071,2.13,8060,0.78,10376520
ME,2008,2304,1.70,736,0.54,1356450
MD,2008,16141,2.78,5437,0.94,5800551
MA,2008,17563,2.70,3732,0.57,6509197
LA,2008,17933,3.99,5363,1.19,4492956
KY,2008,9899,2.30,2929,0.68,4301078
KS,2008,7625,2.64,3700,1.28,2883377
IN,2008,11821,1.85,6475,1.01,6388695
IL,2008,37470,2.89,15351,1.18,12973710
ID,2008,3003,1.91,1863,1.18,1575635
IA,2008,5258,1.74,2891,0.95,3028304
HI,2008,3130,2.24,902,0.65,1397856
GA,2008,38284,3.93,15448,1.59,9742376
FL,2008,45637,2.48,29902,1.62,18427925
DE,2008,2908,3.26,1080,1.21,892606
DC,2008,5076,8.58,849,1.43,591833
CT,2008,8659,2.41,2028,0.56,3592331
CO,2008,12597,2.53,5546,1.11,4978873
CA,2008,83889,2.27,43160,1.17,36876276
AZ,2008,13128,2.02,10198,1.57,6513235
AR,2008,6094,2.11,3635,1.26,2881714
AL,2008,11201,2.39,5801,1.24,4684189
AK,2008,1299,1.89,708,1.03,686732
WY,2009,1482,2.69,636,1.15,551287
WV,2009,3535,1.93,985,0.54,1832215
WI,2009,13223,2.31,6054,1.06,5726929
WA,2009,10517,1.57,4081,0.61,6696694
VT,2009,1142,1.81,362,0.57,631334
VA,2009,19038,2.41,5233,0.66,7889510
UT,2009,4908,1.70,3068,1.06,2893460
TX,2009,55478,2.23,35243,1.42,24855177
TN,2009,16865,2.67,10423,1.65,6312287
SD,2009,1501,1.78,852,1.01,842057
SC,2009,11994,2.61,4134,0.90,4587263
RI,2009,2563,2.42,641,0.61,1059442
PA,2009,27316,2.07,4991,0.38,13188116
OR,2009,6915,1.78,4632,1.19,3880842
OK,2009,8092,2.16,4069,1.09,3746223
OH,2009,24932,2.12,10194,0.87,11775714
NY,2009,64751,3.01,22071,1.03,21490710
NV,2009,6003,2.27,4132,1.56,2649704
NM,2009,4639,2.30,2226,1.10,2016615
NJ,2009,32611,3.72,9627,1.10,8761163
NH,2009,2732,1.98,879,0.64,1379703
NE,2009,3694,1.99,1352,0.73,1859286
ND,2009,1286,1.94,475,0.72,664127
NC,2009,24274,2.58,11263,1.20,9421855
MT,2009,1886,1.82,1235,1.19,1038840
MS,2009,6355,2.15,3874,1.31,2953221
MO,2009,15988,2.65,7072,1.17,6031658
MN,2009,8999,1.65,4845,0.89,5461876
MI,2009,21485,2.08,7727,0.75,10345739
ME,2009,2310,1.70,628,0.46,1358268
MD,2009,16192,2.76,5204,0.89,5870524
MA,2009,17039,2.58,3316,0.50,6604959
LA,2009,17281,3.78,5952,1.30,4574351
KY,2009,9774,2.25,2629,0.60,4350981
KS,2009,7622,2.63,3658,1.26,2900426
IN,2009,12097,1.88,6463,1.00,6434990
IL,2009,36788,2.84,14731,1.14,12965589
ID,2009,3002,1.88,1613,1.01,1599174
IA,2009,5364,1.77,2807,0.93,3033600
HI,2009,3123,2.22,916,0.65,1405431
GA,2009,38944,3.94,16268,1.65,9886620
FL,2009,46221,2.48,28897,1.55,18646709
DE,2009,2904,3.21,1045,1.16,904124
DC,2009,5118,8.53,829,1.38,599657
CT,2009,8649,2.40,1937,0.54,3609641
CO,2009,12638,2.50,5826,1.15,5062934
CA,2009,82902,2.24,42495,1.15,37061435
AZ,2009,13092,1.98,10077,1.52,6609085
AR,2009,6243,2.14,3784,1.30,2914733
AL,2009,11522,2.43,5787,1.22,4732747
AK,2009,1304,1.87,720,1.03,698901
WY,2010,1439,2.52,569,1.00,570473
WV,2010,3531,1.89,944,0.51,1866447
WI,2010,13219,2.29,6348,1.10,5774410
WA,2010,10542,1.56,4181,0.62,6762781
VT,2010,1164,1.83,358,0.56,635311
VA,2010,19099,2.39,5171,0.65,8007795
UT,2010,4991,1.74,2140,0.75,2864017
TX,2010,55479,2.20,35246,1.40,25218692
TN,2010,16996,2.67,10558,1.66,6357852
SD,2010,1527,1.81,900,1.07,844743
SC,2010,12299,2.65,4220,0.91,4649536
RI,2010,2547,2.41,630,0.59,1058992
PA,2010,27355,2.06,4745,0.36,13292628
OR,2010,7031,1.81,4506,1.16,3889074
OK,2010,7783,2.04,4058,1.06,3815410
OH,2010,24179,2.06,9617,0.82,11759004
NY,2010,63889,3.00,21685,1.02,21307462
NV,2010,5900,2.18,3993,1.47,2707228
NM,2010,4562,2.21,1728,0.84,2062883
NJ,2010,31579,3.57,9038,1.02,8852833
NH,2010,2720,1.98,869,0.63,1372270
NE,2010,3703,1.96,1382,0.73,1891354
ND,2010,1372,1.98,501,0.72,691502
NC,2010,24735,2.58,10992,1.15,9580821
MT,2010,1958,1.86,1132,1.07,1055270
MS,2010,6481,2.18,4254,1.43,2968683
MO,2010,15900,2.64,6963,1.15,6031691
MN,2010,8950,1.63,4703,0.85,5507486
MI,2010,20938,2.03,7417,0.72,10307062
ME,2010,2307,1.68,605,0.44,1370677
MD,2010,16029,2.69,5231,0.88,5949764
MA,2010,16769,2.56,3546,0.54,6559003
LA,2010,17356,3.77,5962,1.29,4607610
KY,2010,10018,2.29,2615,0.60,4376436
KS,2010,7611,2.59,3714,1.26,2937014
IN,2010,12057,1.86,6214,0.96,6494899
IL,2010,35630,2.76,14438,1.12,12888247
ID,2010,3105,1.91,1636,1.01,1622423
IA,2010,5366,1.75,2798,0.91,3072601
HI,2010,3080,2.08,882,0.60,1479842
GA,2010,39344,4.03,15029,1.54,9752532
FL,2010,46402,2.45,28949,1.53,18910325
DE,2010,2931,3.21,1061,1.16,914390
DC,2010,4566,7.59,646,1.07,601723
CT,2010,8646,2.36,1860,0.51,3665941
CO,2010,12348,2.44,5685,1.12,5067746
CA,2010,81612,2.19,40833,1.09,37346022
AZ,2010,12791,2.00,9685,1.51,6404623
AR,2010,6220,2.11,3803,1.29,2941161
AL,2010,11242,2.35,5424,1.13,4792630
AK,2010,1258,1.77,730,1.03,711456
WY,2011,1563,2.72,680,1.18,575060
WV,2011,3507,1.88,979,0.52,1868831
WI,2011,12927,2.23,6174,1.06,5802912
WA,2011,10399,1.51,4079,0.59,6868877
VT,2011,1164,1.83,356,0.56,636012
VA,2011,19145,2.36,5252,0.65,8103947
UT,2011,4976,1.69,2178,0.74,2947790
TX,2011,55829,2.17,34611,1.34,25756300
TN,2011,17073,2.66,10595,1.65,6417953
SD,2011,1565,1.83,1291,1.51,857332
SC,2011,12849,2.73,4447,0.95,4704025
RI,2011,2499,2.36,605,0.57,1057719
PA,2011,27547,2.07,5776,0.43,13333505
OR,2011,23006,5.85,9395,2.39,3933412
OK,2011,7872,2.04,4267,1.11,3854076
OH,2011,23627,2.01,9291,0.79,11753515
NY,2011,63105,2.95,21071,0.98,21413705
NV,2011,5516,2.02,3734,1.37,2730056
NM,2011,4631,2.22,1754,0.84,2085969
NJ,2011,29760,3.35,8584,0.97,8878183
NH,2011,2761,2.01,888,0.65,1371698
NE,2011,3803,1.99,1424,0.75,1908232
ND,2011,1399,1.99,504,0.72,703813
NC,2011,24887,2.57,11136,1.15,9699207
MT,2011,2026,1.90,1176,1.10,1064639
MS,2011,6370,2.14,3473,1.17,2979903
MO,2011,15778,2.61,6867,1.13,6053701
MN,2011,8921,1.61,4640,0.84,5553912
MI,2011,20467,1.98,7162,0.69,10359533
ME,2011,2330,1.70,578,0.42,1370501
MD,2011,15900,2.65,5243,0.87,6006169
MA,2011,17018,2.58,3582,0.54,6598979
LA,2011,17765,3.82,5242,1.13,4648451
KY,2011,9966,2.26,2680,0.61,4407173
KS,2011,7542,2.55,3742,1.27,2955412
IN,2011,12003,1.84,6111,0.94,6528075
IL,2011,35006,2.71,13866,1.07,12923112
ID,2011,3075,1.87,1580,0.96,1640433
IA,2011,5331,1.73,2650,0.86,3088691
HI,2011,3093,2.07,877,0.59,1495625
GA,2011,39118,3.96,15559,1.57,9880945
FL,2011,45895,2.39,27825,1.45,19173658
DE,2011,2882,3.12,1079,1.17,923759
DC,2011,4871,7.88,783,1.27,617996
CT,2011,8382,2.28,1902,0.52,3672721
CO,2011,12221,2.37,5732,1.11,5155993
CA,2011,78893,2.09,39576,1.05,37819249
AZ,2011,12532,1.93,9438,1.45,6501532
AR,2011,6401,2.16,3640,1.23,2963414
AL,2011,11469,2.38,5701,1.18,4815348
AK,2011,1324,1.82,710,0.98,725910
WY,2012,1492,2.55,623,1.07,584176
WV,2012,3581,1.92,948,0.51,1868841
WI,2012,12819,2.20,6017,1.03,5824355
WA,2012,10271,1.48,4115,0.59,6937277
VT,2012,1238,1.95,444,0.70,635566
VA,2012,19331,2.36,5177,0.63,8193139
UT,2012,5091,1.67,2138,0.70,3054116
TX,2012,54351,2.08,33648,1.29,26143479
TN,2012,17376,2.68,10782,1.67,6472025
SD,2012,1622,1.87,1190,1.37,865800
SC,2012,12448,2.62,4849,1.02,4750466
RI,2012,2467,2.33,591,0.56,1056691
PA,2012,26726,1.98,5057,0.38,13468600
OR,2012,6942,1.75,4297,1.08,3961014
OK,2012,8085,2.09,4520,1.17,3877002
OH,2012,23003,1.97,9273,0.79,11695268
NY,2012,62961,2.92,20671,0.96,21525230
NV,2012,5697,2.06,3770,1.36,2765739
NM,2012,4610,2.21,1756,0.84,2089244
NJ,2012,29511,3.31,9047,1.01,8925939
NH,2012,2751,2.00,856,0.62,1372484
NE,2012,3707,1.93,1475,0.77,1924282
ND,2012,1482,2.05,524,0.72,724363
NC,2012,24948,2.55,11367,1.16,9794736
MT,2012,2016,1.88,992,0.93,1071788
MS,2012,6119,2.05,3510,1.18,2986296
MO,2012,15466,2.55,6898,1.14,6064498
MN,2012,8947,1.60,4695,0.84,5591233
MI,2012,19830,1.91,7154,0.69,10366035
ME,2012,2308,1.68,583,0.42,1373153
MD,2012,17536,2.89,5570,0.92,6067471
MA,2012,16898,2.54,3395,0.51,6657600
LA,2012,17768,3.80,4812,1.03,4674734
KY,2012,10013,2.27,2678,0.61,4413259
KS,2012,7617,2.56,3474,1.17,2971399
IN,2012,11753,1.79,5462,0.83,6548541
IL,2012,34534,2.67,14334,1.11,12934012
ID,2012,3082,1.87,1630,0.99,1651515
IA,2012,5231,1.69,2906,0.94,3098112
HI,2012,3075,2.03,882,0.58,1514307
GA,2012,39145,3.92,14947,1.50,9986384
FL,2012,47887,2.46,28629,1.47,19434305
DE,2012,2313,2.48,855,0.92,933909
DC,2012,4936,7.81,775,1.23,632323
CT,2012,8501,2.31,1800,0.49,3682267
CO,2012,12407,2.37,5882,1.13,5227884
CA,2012,78062,2.04,40532,1.06,38183375
AZ,2012,13082,1.99,10041,1.53,6572455
AR,2012,6465,2.17,3641,1.22,2981157
AL,2012,11209,2.32,5806,1.20,4834334
AK,2012,1330,1.81,690,0.94,735190
WY,2013,1657,2.84,711,1.22,584176
WV,2013,3587,1.92,964,0.52,1868841
WI,2013,12679,2.18,5503,0.94,5824355
WA,2013,10374,1.50,4275,0.62,6937277
VT,2013,1163,1.83,417,0.66,635566
VA,2013,19475,2.38,5171,0.63,8193139
UT,2013,4687,1.53,1924,0.63,3054116
TX,2013,54926,2.10,36687,1.40,26144504
TN,2013,17577,2.72,10876,1.68,6472523
SD,2013,1711,1.97,1203,1.39,867747
SC,2013,13139,2.77,3988,0.84,4750230
RI,2013,2443,2.31,626,0.59,1056691
PA,2013,26429,1.96,5046,0.37,13463152
OR,2013,6863,1.73,4270,1.08,3961014
OK,2013,7971,2.06,4403,1.14,3875952
OH,2013,23130,1.98,9277,0.79,11690997
NY,2013,63059,2.93,20754,0.96,21527890
NV,2013,5378,1.94,3454,1.25,2765739
NM,2013,4042,1.93,1866,0.89,2090634
NJ,2013,29018,3.25,8772,0.98,8938130
NH,2013,2737,2.00,869,0.63,1370113
NE,2013,3686,1.92,1492,0.78,1924282
ND,2013,1508,2.08,521,0.72,724015
NC,2013,24879,2.54,11161,1.14,9793114
MT,2013,1878,1.75,973,0.91,1071788
MS,2013,6290,2.11,3339,1.12,2986296
MO,2013,15887,2.62,6924,1.14,6064057
MN,2013,8900,1.59,4627,0.83,5595813
MI,2013,19626,1.89,6876,0.66,10366035
ME,2013,2305,1.68,583,0.42,1373153
MD,2013,19355,3.19,6361,1.05,6067471
MA,2013,17180,2.58,3522,0.53,6657600
LA,2013,17043,3.65,4539,0.97,4672725
KY,2013,9763,2.21,2552,0.58,4414668
KS,2013,7598,2.56,3504,1.18,2971399
IN,2013,11486,1.75,5456,0.83,6548541
IL,2013,34080,2.63,10150,0.78,12934012
ID,2013,3019,1.83,1653,1.00,1651515
IA,2013,5256,1.70,2797,0.90,3098112
HI,2013,3019,1.99,876,0.58,1514307
GA,2013,37653,3.77,14790,1.48,9986384
FL,2013,48106,2.47,28209,1.45,19436863
DE,2013,2350,2.52,835,0.89,933115
DC,2013,5200,8.22,600,0.95,632323
CT,2013,8544,2.32,1835,0.50,3682267
CO,2013,12807,2.45,5636,1.08,5227884
CA,2013,77929,2.04,40755,1.07,38182554
AZ,2013,12215,1.86,9466,1.44,6572455
AR,2013,6574,2.21,3702,1.24,2974617
AL,2013,11486,2.38,5818,1.20,4834334
AK,2013,1361,1.85,634,0.86,735190
